"Month","Longitude","Latitude","Location","Crime.type"
"2015-01",-6.003289,54.551654," Salisbury Place","Anti-social behaviour"
"2015-01",-5.815976,54.731606," Milebush Park","Anti-social behaviour"
"2015-01",-6.393411,54.197876," College Square North","Anti-social behaviour"
"2015-01",-6.251798,54.859702," Staffa Drive","Anti-social behaviour"
"2015-01",-7.206893,54.622652," Killyclogher Road","Anti-social behaviour"
"2015-01",-5.915793,54.592416," Ravenhill Reach","Anti-social behaviour"
"2015-01",-7.322812,54.999402," Great James Street","Anti-social behaviour"
"2015-01",-5.95467,54.615677," Jamaica Road","Anti-social behaviour"
"2015-01",-6.707998,55.187033," Station Road","Anti-social behaviour"
"2015-01",-6.049408,54.513538," Antrim Street","Anti-social behaviour"
"2015-01",-5.709197,54.597064," Westland Drive","Anti-social behaviour"
"2015-01",-5.968582,54.600879," Watermouth Crescent","Anti-social behaviour"
"2015-01",-6.65232,55.203902," Dunluce Street","Anti-social behaviour"
"2015-01",-5.937312,54.61115," Kinnaird Terrace","Anti-social behaviour"
"2015-01",-5.693269,54.648005," Clandeboye Drive","Anti-social behaviour"
"2015-01",-6.658618,55.148312," Woodburn Crescent","Anti-social behaviour"
"2015-01",-5.672675,54.659957," Dufferin Avenue","Anti-social behaviour"
"2015-01",-6.36561,54.444859," Hillcrest Manor","Anti-social behaviour"
"2015-01",-5.70894,54.316006," Ballymote Park","Anti-social behaviour"
"2015-01",-5.957168,54.617112," Jamaica Road","Anti-social behaviour"
"2015-01",-7.184935,54.928131," Gulf Road","Anti-social behaviour"
"2015-01",-6.337027,54.182834," Mourne View Park","Anti-social behaviour"
"2015-01",-5.929328,54.598579," Castle Lane","Anti-social behaviour"
"2015-01",-5.905874,54.596648," Clandeboye Gardens","Anti-social behaviour"
"2015-01",-7.445047,54.254263," Main Street","Anti-social behaviour"
"2015-01",-6.358575,54.183336," Parkhead Crescent","Anti-social behaviour"
"2015-01",-5.70894,54.316006," Ballymote Park","Anti-social behaviour"
"2015-01",-5.834315,54.641895," Shore Road","Anti-social behaviour"
"2015-01",-7.135157,54.488791," Rarogan Road","Anti-social behaviour"
"2015-01",-5.956815,54.613656," Flax Street","Anti-social behaviour"
"2015-01",-7.206893,54.622652," Killyclogher Road","Anti-social behaviour"
"2015-01",-5.922422,54.64786," Whitewell Crescent","Anti-social behaviour"
"2015-01",-7.321754,54.594496," Clontarf Heights","Anti-social behaviour"
"2015-01",-5.862614,54.593564," Knockhill Park","Anti-social behaviour"
"2015-01",-5.961001,54.604544," Caledon Street","Anti-social behaviour"
"2015-01",-7.261995,54.594254," Deverney Park","Anti-social behaviour"
"2015-01",-5.997012,54.754176," Meadow Drive","Anti-social behaviour"
"2015-01",-5.927755,54.613692," Glenrosa Street","Anti-social behaviour"
"2015-01",-5.937312,54.61115," Kinnaird Terrace","Anti-social behaviour"
"2015-01",-6.025223,54.560289," Laurelbank","Anti-social behaviour"
"2015-01",-6.36286,54.439602," Clanrolla Park","Anti-social behaviour"
"2015-01",-5.832307,54.638876," Hillview Place","Anti-social behaviour"
"2015-01",-6.688922,54.533916," Tirowen Court","Anti-social behaviour"
"2015-01",-6.255593,54.863063," Skye Park","Anti-social behaviour"
"2015-01",-6.335799,54.177929," Trevor Hill","Anti-social behaviour"
"2015-01",-7.630325,54.343561," Derrychara Road","Anti-social behaviour"
"2015-01",-6.201631,54.714439," Hillcrest","Anti-social behaviour"
"2015-01",-6.206119,54.726311," Steeple Green","Anti-social behaviour"
"2015-01",-6.343336,54.177134," Monaghan Street","Anti-social behaviour"
"2015-01",-6.030363,54.562376," Sally Gardens Lane","Anti-social behaviour"
"2015-01",-6.941795,55.040395," Glenview Drive","Anti-social behaviour"
"2015-01",-5.959099,54.591519," Irwell Court","Anti-social behaviour"
"2015-01",-6.079112,54.516008," Knockburn Grove","Anti-social behaviour"
"2015-01",-6.681433,55.12048," Burnside Park","Anti-social behaviour"
"2015-01",-7.325588,54.98951," Ferguson Street","Anti-social behaviour"
"2015-01",-5.90511,54.687401," Tynan Close","Anti-social behaviour"
"2015-01",-5.905815,54.675212," Fernagh Gardens","Anti-social behaviour"
"2015-01",-6.014557,54.565973," Stewartstown Road","Anti-social behaviour"
"2015-01",-6.547103,54.398547," Kilmore Road","Anti-social behaviour"
"2015-01",-5.960196,54.604871," Mayo Court","Anti-social behaviour"
"2015-01",-6.006943,54.572442," Rosgoill Drive","Anti-social behaviour"
"2015-01",-6.058297,54.500329," Blaris Park","Anti-social behaviour"
"2015-01",-7.641273,54.350602," Derrin Road","Anti-social behaviour"
"2015-01",-6.516756,54.811671," Hunters Park","Anti-social behaviour"
"2015-01",-6.748208,54.650616," Millburn Park","Anti-social behaviour"
"2015-01",-5.939684,54.61323," Brucevale Park","Anti-social behaviour"
"2015-01",-5.814448,54.712692," Belfast Road","Anti-social behaviour"
"2015-01",-6.660878,55.137494," Artillery Road","Anti-social behaviour"
"2015-01",-7.313373,54.377039," Spout Road","Anti-social behaviour"
"2015-01",-7.45651,54.381119," Glenview Park","Anti-social behaviour"
"2015-01",-5.941976,54.581301," Eglantine Avenue","Anti-social behaviour"
"2015-01",-5.699039,54.594157," Regent Street","Anti-social behaviour"
"2015-01",-7.312731,55.014176," Bay Road","Anti-social behaviour"
"2015-01",-6.413683,55.153976," Main Street","Anti-social behaviour"
"2015-01",-6.270103,54.855939," Brooke Park","Anti-social behaviour"
"2015-01",-5.938129,54.612746," Brucevale Court","Anti-social behaviour"
"2015-01",-6.385827,54.46505," Tannaghmore Green","Anti-social behaviour"
"2015-01",-6.763744,54.47754," Mullybrannon Road","Anti-social behaviour"
"2015-01",-6.671477,54.843945," Main Street","Anti-social behaviour"
"2015-01",-5.989987,54.628785," Wolfhill Avenue South","Anti-social behaviour"
"2015-01",-6.521516,54.299929," Halford Mews","Anti-social behaviour"
"2015-01",-6.059904,54.510077," Tonagh Mews","Anti-social behaviour"
"2015-01",-6.179606,54.995874," Glenravel Road","Anti-social behaviour"
"2015-01",-7.304696,54.599537," John Street","Anti-social behaviour"
"2015-01",-6.294961,54.461861," Belfast Road","Anti-social behaviour"
"2015-01",-6.375505,54.193018," Millvale Park","Anti-social behaviour"
"2015-01",-6.265227,54.856328," Chichester Park East","Anti-social behaviour"
"2015-01",-5.807505,54.59486," Upper Newtownards Road","Anti-social behaviour"
"2015-01",-7.34522,55.029141," Upper Galliagh Road","Anti-social behaviour"
"2015-01",-5.927325,54.637378," Waveney Drive","Anti-social behaviour"
"2015-01",-5.932635,54.591645," Ventry Street","Anti-social behaviour"
"2015-01",-6.03621,54.506684," Dill Avenue","Anti-social behaviour"
"2015-01",-7.308118,54.992493," Ben Varden Avenue","Anti-social behaviour"
"2015-01",-5.709197,54.597064," Westland Drive","Anti-social behaviour"
"2015-01",-5.915622,54.576366," St. Judes Square","Anti-social behaviour"
"2015-01",-6.4123,54.427828," Lynden Gate","Anti-social behaviour"
"2015-01",-6.652541,55.206186," Main Street","Anti-social behaviour"
"2015-01",-7.301966,54.594518," Cannon Dale","Anti-social behaviour"
"2015-01",-6.267382,54.354577," Mountview Drive","Anti-social behaviour"
"2015-01",-5.980273,54.577301," Kennedy Way","Anti-social behaviour"
"2015-01",-5.934686,54.59637," Murray Street","Anti-social behaviour"
"2015-01",-6.019697,54.558833," Glasvey Rise","Anti-social behaviour"
"2015-01",-5.926802,54.598958," Ann Street","Anti-social behaviour"
"2015-01",-6.216453,54.590618," Chestnut Glen","Anti-social behaviour"
"2015-01",-5.931632,54.57328," Lockview Road","Anti-social behaviour"
"2015-01",-6.185575,54.711549," Donore Crescent","Anti-social behaviour"
"2015-01",-6.76282,54.514778," Oaklea","Anti-social behaviour"
"2015-01",-7.577581,54.340963," Ballylucas Road","Anti-social behaviour"
"2015-01",-7.33208,54.99648," Westland Mews","Anti-social behaviour"
"2015-01",-6.646242,55.193693," Apollo Avenue","Anti-social behaviour"
"2015-01",-6.635239,54.344817," Orangefield Crescent","Anti-social behaviour"
"2015-01",-5.67816,54.659182," Osborne Drive","Anti-social behaviour"
"2015-01",-6.68826,54.249695," Annvale Road","Anti-social behaviour"
"2015-01",-6.71069,54.529506," Bush Road","Anti-social behaviour"
"2015-01",-5.942221,54.659852," Floral Park","Anti-social behaviour"
"2015-01",-5.903877,54.5545," Burnside Avenue","Anti-social behaviour"
"2015-01",-6.014801,54.563506," Margaretta Park","Anti-social behaviour"
"2015-01",-6.358243,54.18166," Nursery Drive","Anti-social behaviour"
"2015-01",-5.951333,54.696197," The Glade","Anti-social behaviour"
"2015-01",-5.925203,54.602102," Victoria Street","Anti-social behaviour"
"2015-01",-7.313373,54.377039," Spout Road","Anti-social behaviour"
"2015-01",-5.869769,54.595523," Bethany Street","Anti-social behaviour"
"2015-01",-7.161642,54.41763," Mccrea Park","Anti-social behaviour"
"2015-01",-5.794821,54.722327," Barn Road","Anti-social behaviour"
"2015-01",-6.710606,55.099933," Farranseer Park","Anti-social behaviour"
"2015-01",-5.984893,54.596498," New Barnsley Gardens","Anti-social behaviour"
"2015-01",-6.77009,54.508707," Quarry Lane","Anti-social behaviour"
"2015-01",-5.925466,54.61305," Clanmorris Street","Anti-social behaviour"
"2015-01",-5.931345,54.624715," Premier Drive","Anti-social behaviour"
"2015-01",-5.747209,54.551018," Castle Street","Anti-social behaviour"
"2015-01",-5.962319,54.595212," Beechmount Pass","Anti-social behaviour"
"2015-01",-5.904684,54.556535," Glendale Park","Anti-social behaviour"
"2015-01",-5.782454,54.729919," Lennox Close","Anti-social behaviour"
"2015-01",-6.934381,54.945496," Drumrane Road","Anti-social behaviour"
"2015-01",-5.666286,54.663536," High Street","Anti-social behaviour"
"2015-01",-7.152608,54.910617," Irwin Crescent","Anti-social behaviour"
"2015-01",-6.35195,54.455249," Old Portadown Road","Anti-social behaviour"
"2015-01",-6.931306,55.050697," Castle Park","Anti-social behaviour"
"2015-01",-6.219285,54.714583," Market Square","Anti-social behaviour"
"2015-01",-5.825945,54.724336," Prospect Downs South","Anti-social behaviour"
"2015-01",-7.299491,54.604403," Old Mountfield Road","Anti-social behaviour"
"2015-01",-6.352147,54.180112," Hospital Road","Anti-social behaviour"
"2015-01",-5.981575,54.594134," Whitecliff Parade","Anti-social behaviour"
"2015-01",-5.965442,54.609228," Ballygomartin Road","Anti-social behaviour"
"2015-01",-6.290601,54.434747," Cambrai Drive","Anti-social behaviour"
"2015-01",-6.18698,54.710663," Firmount Drive","Anti-social behaviour"
"2015-01",-5.953215,54.600863," Ashmore Place","Anti-social behaviour"
"2015-01",-5.709197,54.597064," Westland Drive","Anti-social behaviour"
"2015-01",-6.159027,54.236922," Downpatrick Street","Anti-social behaviour"
"2015-01",-6.941795,55.040395," Glenview Drive","Anti-social behaviour"
"2015-01",-6.29926,54.311608," Newry Road","Anti-social behaviour"
"2015-01",-7.325398,55.008283," Northland Road","Anti-social behaviour"
"2015-01",-5.671813,54.659042," Railwayview Street","Anti-social behaviour"
"2015-01",-5.865101,54.598666," Belmont Church Road","Anti-social behaviour"
"2015-01",-5.922125,54.602355," Donegall Quay","Anti-social behaviour"
"2015-01",-5.922125,54.602355," Donegall Quay","Anti-social behaviour"
"2015-01",-6.027232,54.570556," Colinvale","Anti-social behaviour"
"2015-01",-6.67723,55.130504," Pates Lane","Anti-social behaviour"
"2015-01",-7.161642,54.41763," Mccrea Park","Anti-social behaviour"
"2015-01",-6.044499,54.513512," Railway Street","Anti-social behaviour"
"2015-01",-6.341111,54.178389," Lower Catherine Street","Anti-social behaviour"
"2015-01",-7.342911,55.01543," Gweebara Park","Anti-social behaviour"
"2015-01",-6.22531,54.707043," Greenpark Drive","Anti-social behaviour"
"2015-01",-5.934248,54.25964," Station Avenue","Anti-social behaviour"
"2015-01",-6.50387,55.077329," Agherton Gardens","Anti-social behaviour"
"2015-01",-5.923682,54.664171," Carnreagh Bend","Anti-social behaviour"
"2015-01",-5.734993,54.548857," Laburnum Grove","Anti-social behaviour"
"2015-01",-7.474058,54.822328," Koram Square","Anti-social behaviour"
"2015-01",-5.56478,54.537417," De Courcy Park","Anti-social behaviour"
"2015-01",-5.881321,54.583749," Houston Park","Anti-social behaviour"
"2015-01",-6.788563,54.506378," Mullaghmore Park","Anti-social behaviour"
"2015-01",-5.650517,54.401479," Braeside Gardens","Anti-social behaviour"
"2015-01",-5.938106,54.578908," Lennoxvale","Anti-social behaviour"
"2015-01",-5.751298,54.398501," Tobarmore Park","Anti-social behaviour"
"2015-01",-7.321576,54.997635," William Street","Anti-social behaviour"
"2015-01",-6.283752,54.856843," Leighinmohr Avenue","Anti-social behaviour"
"2015-01",-5.957705,54.687625," Manse Terrace","Anti-social behaviour"
"2015-01",-6.779428,54.501552," Woodburn Crescent","Anti-social behaviour"
"2015-01",-7.044257,55.042869," Clooney Road","Anti-social behaviour"
"2015-01",-6.202372,54.722949," Bush Park","Anti-social behaviour"
"2015-01",-5.923333,54.584414," Fitzwilliam Square","Anti-social behaviour"
"2015-01",-6.202833,54.71708," Portlee Walk","Anti-social behaviour"
"2015-01",-5.925203,54.602102," Victoria Street","Anti-social behaviour"
"2015-01",-6.028976,54.528004," Lambeg Road","Anti-social behaviour"
"2015-01",-6.646242,55.193693," Apollo Avenue","Anti-social behaviour"
"2015-01",-7.302675,54.991941," Good Shepherd Glen","Anti-social behaviour"
"2015-01",-6.087063,54.469808," Culcavy Road","Anti-social behaviour"
"2015-01",-5.894279,54.589546," Quinton Street","Anti-social behaviour"
"2015-01",-5.927414,54.595132," Alfred Street","Anti-social behaviour"
"2015-01",-6.294961,54.461861," Belfast Road","Anti-social behaviour"
"2015-01",-7.462554,54.353199," Gardiners Cross Road","Anti-social behaviour"
"2015-01",-6.40621,54.43348," Lisnisky Lane","Anti-social behaviour"
"2015-01",-6.448531,54.430994," Churchill Gardens","Anti-social behaviour"
"2015-01",-5.951986,54.614868," Ardilea Court","Anti-social behaviour"
"2015-01",-6.072687,54.509122," Moira Park","Anti-social behaviour"
"2015-01",-6.456443,54.433683," Ballyoran Park","Anti-social behaviour"
"2015-01",-5.698051,54.59165," John Street","Anti-social behaviour"
"2015-01",-6.253506,54.101899," East Street","Anti-social behaviour"
"2015-01",-5.699252,54.593389," Mill Street","Anti-social behaviour"
"2015-01",-6.023766,54.519132," Hilden Court","Anti-social behaviour"
"2015-01",-6.40621,54.43348," Lisnisky Lane","Anti-social behaviour"
"2015-01",-5.906281,54.680027," Abbeycroft Road","Anti-social behaviour"
"2015-01",-6.193796,54.719641," Crossreagh Drive","Anti-social behaviour"
"2015-01",-6.230421,54.479666," Castlevue Gardens","Anti-social behaviour"
"2015-01",-5.935169,54.588355," Lisburn Road","Anti-social behaviour"
"2015-01",-5.744079,54.549746," Gillespie Court","Anti-social behaviour"
"2015-01",-5.9393,54.585909," Fitzwilliam Street","Anti-social behaviour"
"2015-01",-5.938336,54.660666," Whitewell Mews","Anti-social behaviour"
"2015-01",-5.975881,54.622197," Legann Street","Anti-social behaviour"
"2015-01",-5.672622,54.649228," Hill Crest","Anti-social behaviour"
"2015-01",-6.339564,54.180676," Erskine Street","Anti-social behaviour"
"2015-01",-5.861459,54.840128," Drumahoe Gardens","Anti-social behaviour"
"2015-01",-5.928966,54.58346," Rugby Street","Anti-social behaviour"
"2015-01",-5.979165,54.618739," Forthriver Drive","Anti-social behaviour"
"2015-01",-5.991937,54.58073," Bingnian Drive","Anti-social behaviour"
"2015-01",-6.701296,54.539279," Platers Hill","Anti-social behaviour"
"2015-01",-7.641273,54.350602," Derrin Road","Anti-social behaviour"
"2015-01",-5.896437,54.549168," Finsbury Crescent","Anti-social behaviour"
"2015-01",-5.922125,54.602355," Donegall Quay","Anti-social behaviour"
"2015-01",-5.858198,54.618429," Knocknagoney Park","Anti-social behaviour"
"2015-01",-6.332689,54.478039," Fox'S Hill","Anti-social behaviour"
"2015-01",-5.838481,54.638996," Ean Hill","Anti-social behaviour"
"2015-01",-5.712382,54.314076," Glebetown Drive","Anti-social behaviour"
"2015-01",-7.379644,54.718505," Davis Crescent","Anti-social behaviour"
"2015-01",-6.456443,54.433683," Ballyoran Park","Anti-social behaviour"
"2015-01",-5.701252,54.594424," Regent Street","Anti-social behaviour"
"2015-01",-6.047399,54.506129," Hillsborough Road","Anti-social behaviour"
"2015-01",-5.958754,54.612637," Brookfield Place","Anti-social behaviour"
"2015-01",-5.968348,54.601226," Watermouth Crescent","Anti-social behaviour"
"2015-01",-5.807505,54.59486," Upper Newtownards Road","Anti-social behaviour"
"2015-01",-5.863614,54.577426," Lower Braniel Road","Anti-social behaviour"
"2015-01",-7.319177,55.019342," Racecourse Road","Anti-social behaviour"
"2015-01",-6.701481,54.537367," Ardnasaggart Terrace","Anti-social behaviour"
"2015-01",-5.745216,54.549875," Killinchy Street","Anti-social behaviour"
"2015-01",-7.30036,55.018983," Gleneagles","Anti-social behaviour"
"2015-01",-6.941427,55.041299," Glenmore Gardens","Anti-social behaviour"
"2015-01",-5.987218,54.597372," Moyard Parade","Anti-social behaviour"
"2015-01",-7.590255,54.355937," Clover Brae","Anti-social behaviour"
"2015-01",-5.923839,54.616428," North Derby Street","Anti-social behaviour"
"2015-01",-5.669344,54.659668," Main Street","Anti-social behaviour"
"2015-01",-5.930747,54.602952," Royal Avenue","Anti-social behaviour"
"2015-01",-7.354309,54.962789," Stoneypath","Anti-social behaviour"
"2015-01",-5.912228,54.67322," Station Road","Anti-social behaviour"
"2015-01",-7.276541,54.967436," Rushall Road","Anti-social behaviour"
"2015-01",-5.800903,54.726975," Manor Close","Anti-social behaviour"
"2015-01",-7.4594,54.819119," Ballycolman Estate","Anti-social behaviour"
"2015-01",-6.667208,55.127296," Mount Street","Anti-social behaviour"
"2015-01",-6.178737,54.710045," Willowdale","Anti-social behaviour"
"2015-01",-6.6634,55.150727," Loughanhill Park","Anti-social behaviour"
"2015-01",-7.314257,54.376586," Spout Walk","Anti-social behaviour"
"2015-01",-6.256323,54.106532," Ganna Way","Anti-social behaviour"
"2015-01",-7.609154,54.353089," Lackaboy View","Anti-social behaviour"
"2015-01",-6.053481,54.502902," Beechland Drive","Anti-social behaviour"
"2015-01",-6.00906,54.544246," Elm Corner","Anti-social behaviour"
"2015-01",-6.523111,55.06806," Westoncroft Park","Anti-social behaviour"
"2015-01",-7.457364,54.759805," Fyfin Road","Anti-social behaviour"
"2015-01",-6.647426,55.190274," Hopefield Gardens","Anti-social behaviour"
"2015-01",-7.212808,54.981691," Lettershendony Avenue","Anti-social behaviour"
"2015-01",-7.321893,54.999244," Great James Street","Anti-social behaviour"
"2015-01",-5.492489,54.546479," Westland Court","Anti-social behaviour"
"2015-01",-6.749596,54.651313," Millburn Park","Anti-social behaviour"
"2015-01",-6.655919,54.351032," Dawson Street","Anti-social behaviour"
"2015-01",-5.933747,54.589552," Donegall Pass","Anti-social behaviour"
"2015-01",-6.739736,54.646009," Molesworth Road","Anti-social behaviour"
"2015-01",-5.976382,54.624272," Leggagh Court","Anti-social behaviour"
"2015-01",-6.230421,54.479666," Castlevue Gardens","Anti-social behaviour"
"2015-01",-5.838481,54.638996," Ean Hill","Anti-social behaviour"
"2015-01",-5.952902,54.607713," Keswick Street","Anti-social behaviour"
"2015-01",-6.610359,54.755642," Rainey Street","Anti-social behaviour"
"2015-01",-5.703392,54.659187," Rathmore Crescent","Anti-social behaviour"
"2015-01",-5.891737,54.598019," Connswater Street","Anti-social behaviour"
"2015-01",-5.971399,54.692914," Ballyclare Road","Anti-social behaviour"
"2015-01",-5.990704,54.57592," Croaghan Gardens","Anti-social behaviour"
"2015-01",-5.925203,54.602102," Victoria Street","Anti-social behaviour"
"2015-01",-5.931541,54.596433," Donegall Square West","Anti-social behaviour"
"2015-01",-5.680131,54.654502," Oakwood Avenue","Anti-social behaviour"
"2015-01",-5.954722,54.678797," Pembrooke Court","Anti-social behaviour"
"2015-01",-6.122706,54.56787," The Mews","Anti-social behaviour"
"2015-01",-5.740649,54.554193," Darragh Gardens","Anti-social behaviour"
"2015-01",-5.940876,54.622721," Vancouver Drive","Anti-social behaviour"
"2015-01",-5.823735,54.592592," Ardcarn Park","Anti-social behaviour"
"2015-01",-6.26995,54.348747," Rathfriland Street","Anti-social behaviour"
"2015-01",-5.758173,54.753498," Bridgend Road","Anti-social behaviour"
"2015-01",-7.30162,54.602116," Drumragh Avenue","Anti-social behaviour"
"2015-01",-5.872615,54.608602," Inverwood Gardens","Anti-social behaviour"
"2015-01",-6.282422,54.865071," Hope Street","Anti-social behaviour"
"2015-01",-6.021382,54.573515," Garvey Manor","Anti-social behaviour"
"2015-01",-6.033432,54.51468," Wesley Street","Anti-social behaviour"
"2015-01",-6.269004,54.877944," Herbison Park","Anti-social behaviour"
"2015-01",-6.220506,54.71399," Clarke Court","Anti-social behaviour"
"2015-01",-5.982349,54.617588," Glencairn Way","Anti-social behaviour"
"2015-01",-5.684268,54.591036," Inisharoan Court","Anti-social behaviour"
"2015-01",-5.959295,54.617911," Etna Drive","Anti-social behaviour"
"2015-01",-7.34701,54.992124," Cromore Gardens","Anti-social behaviour"
"2015-01",-6.946046,55.039372," Gorteen Crescent","Anti-social behaviour"
"2015-01",-5.814448,54.712692," Belfast Road","Anti-social behaviour"
"2015-01",-6.218148,54.620885," Cidercourt Road","Anti-social behaviour"
"2015-01",-6.737384,54.650934," Beechway","Anti-social behaviour"
"2015-01",-5.710843,54.646856," Rathgael Road","Anti-social behaviour"
"2015-01",-6.743916,54.634544," Gortalowry Park","Anti-social behaviour"
"2015-01",-5.954923,54.668935," Antrim Road","Anti-social behaviour"
"2015-01",-6.681687,55.126088," Kylemore Road","Anti-social behaviour"
"2015-01",-6.041629,54.542164," Milltown Park","Anti-social behaviour"
"2015-01",-5.913227,54.603864," Queens Road","Anti-social behaviour"
"2015-01",-6.342449,54.170958," Pool Lane","Anti-social behaviour"
"2015-01",-5.887876,54.395883," Carlisle Park","Anti-social behaviour"
"2015-01",-6.575511,54.085227," Trainor Crescent","Anti-social behaviour"
"2015-01",-6.341419,54.465904," Rectory Park","Anti-social behaviour"
"2015-01",-7.324526,55.00623," Northland Road","Anti-social behaviour"
"2015-01",-6.642377,54.347512," Gough Avenue","Anti-social behaviour"
"2015-01",-6.043742,54.512557," Railway Street","Anti-social behaviour"
"2015-01",-6.673796,55.123415," Screen Road","Anti-social behaviour"
"2015-01",-5.908489,54.590915," Ravenhill Street","Anti-social behaviour"
"2015-01",-5.847257,54.59136," Barnetts Green","Anti-social behaviour"
"2015-01",-7.361057,55.01364," Springtown Road","Anti-social behaviour"
"2015-01",-5.92641,54.601179," Hill Street","Anti-social behaviour"
"2015-01",-5.93895,54.598042," Galway Street","Anti-social behaviour"
"2015-01",-5.913894,54.569337," Ormeau Road","Anti-social behaviour"
"2015-01",-6.27277,54.351555," Reilly Street","Anti-social behaviour"
"2015-01",-7.313551,54.989972," Spencer Road","Anti-social behaviour"
"2015-01",-5.669548,54.630667," Breezemount Avenue","Anti-social behaviour"
"2015-01",-5.947836,54.607187," Crimea Street","Anti-social behaviour"
"2015-01",-5.841562,54.591375," Abbey Park","Anti-social behaviour"
"2015-01",-5.932232,54.6234," Ashfield Gardens","Anti-social behaviour"
"2015-01",-6.411058,54.354794," Austin Drive","Anti-social behaviour"
"2015-01",-7.307629,54.599024," James Street","Anti-social behaviour"
"2015-01",-5.621989,54.652844," Deanfield","Anti-social behaviour"
"2015-01",-5.65874,54.639238," Rathgill Drive","Anti-social behaviour"
"2015-01",-6.6721,54.753846," Durnascallon Lane","Anti-social behaviour"
"2015-01",-5.908767,54.316681," Dunturk Road","Anti-social behaviour"
"2015-01",-6.446204,54.420425," Church Street","Anti-social behaviour"
"2015-01",-7.274574,54.60025," Riverview Park","Anti-social behaviour"
"2015-01",-6.025558,54.537365," Mosside Road","Anti-social behaviour"
"2015-01",-5.856241,54.62002," Glendarragh Mews","Anti-social behaviour"
"2015-01",-6.023044,54.559948," Stewartstown Road","Anti-social behaviour"
"2015-01",-5.815299,54.641464," Princess Park","Anti-social behaviour"
"2015-01",-5.955345,54.586155," Frenchpark Street","Anti-social behaviour"
"2015-01",-6.321428,54.193148," Carney Hall","Anti-social behaviour"
"2015-01",-6.692124,54.253627," Annvale Gardens","Anti-social behaviour"
"2015-01",-5.945246,54.612831," Manor Street","Anti-social behaviour"
"2015-01",-6.677054,55.132497," Castle Lane","Anti-social behaviour"
"2015-01",-6.341728,54.179035," Maginnis Street","Anti-social behaviour"
"2015-01",-5.87635,54.59306," Kirkliston Park","Anti-social behaviour"
"2015-01",-5.819368,54.851015," Broadway","Anti-social behaviour"
"2015-01",-7.351981,55.016206," Drumard Park","Anti-social behaviour"
"2015-01",-5.537864,54.381476," Ballyphilip Road","Anti-social behaviour"
"2015-01",-5.852285,54.617515," Knocknagoney Way","Anti-social behaviour"
"2015-01",-5.920355,54.646171," Shore Road","Anti-social behaviour"
"2015-01",-6.030667,54.552228," Lagmore Meadows","Anti-social behaviour"
"2015-01",-5.877292,54.591001," Orangefield Gardens","Anti-social behaviour"
"2015-01",-6.01381,54.573705," Creeslough Gardens","Anti-social behaviour"
"2015-01",-6.216453,54.590618," Chestnut Glen","Anti-social behaviour"
"2015-01",-5.940006,54.61603," Brookhill Avenue","Anti-social behaviour"
"2015-01",-6.388933,54.443322," Parkmore","Anti-social behaviour"
"2015-01",-6.680628,55.125385," Kylemore Road","Anti-social behaviour"
"2015-01",-6.009672,54.059573," Manse Road","Anti-social behaviour"
"2015-01",-5.927095,54.60262," Hill Street","Anti-social behaviour"
"2015-01",-6.659032,54.346108," Navan Street","Anti-social behaviour"
"2015-01",-5.695135,54.592861," High Street","Anti-social behaviour"
"2015-01",-5.699942,54.577587," Canberra Gardens","Anti-social behaviour"
"2015-01",-5.671813,54.659042," Railwayview Street","Anti-social behaviour"
"2015-01",-5.74428,54.55143," Bridge Street Link","Anti-social behaviour"
"2015-01",-5.780483,54.723656," Boneybefore","Anti-social behaviour"
"2015-01",-5.906363,54.676021," Fernagh Road","Anti-social behaviour"
"2015-01",-5.847552,54.257494," Church View","Anti-social behaviour"
"2015-01",-6.465392,54.425999," Selshion Parade","Anti-social behaviour"
"2015-01",-5.982227,54.593147," Whitecliff Parade","Anti-social behaviour"
"2015-01",-5.704734,54.587275," Carmeen Gardens","Anti-social behaviour"
"2015-01",-7.314174,54.984586," Campion Court","Anti-social behaviour"
"2015-01",-7.639894,54.351765," Drumcor Hill","Anti-social behaviour"
"2015-01",-5.712699,54.322215," Ardpatrick Avenue","Anti-social behaviour"
"2015-01",-5.673962,54.660764," Central Avenue","Anti-social behaviour"
"2015-01",-6.352745,54.183544," First Avenue","Anti-social behaviour"
"2015-01",-5.946687,54.611256," Liffey Court","Anti-social behaviour"
"2015-01",-5.876184,54.605448," Palmerston Road","Anti-social behaviour"
"2015-01",-6.598811,54.752689," Beechland Road","Anti-social behaviour"
"2015-01",-5.88865,54.593078," Beersbridge Road","Anti-social behaviour"
"2015-01",-5.956615,54.687095," Manse Road","Anti-social behaviour"
"2015-01",-6.697073,55.18167," Dunsuivnish Drive","Anti-social behaviour"
"2015-01",-5.968119,54.62974," Ballysillan Park","Anti-social behaviour"
"2015-01",-5.876184,54.605448," Palmerston Road","Anti-social behaviour"
"2015-01",-5.619344,54.675283," Westhill","Anti-social behaviour"
"2015-01",-6.215958,54.722494," Ajax Court","Anti-social behaviour"
"2015-01",-6.356391,54.177754," Castlekeele","Anti-social behaviour"
"2015-01",-5.632742,54.661933," Brooklands Manor","Anti-social behaviour"
"2015-01",-6.213958,54.591767," Main Street","Anti-social behaviour"
"2015-01",-5.966717,54.555699," Malton Rise","Anti-social behaviour"
"2015-01",-5.891737,54.598019," Connswater Street","Anti-social behaviour"
"2015-01",-5.981858,54.666269," Mayfield Road","Anti-social behaviour"
"2015-01",-5.938179,54.617275," Oceanic Avenue","Anti-social behaviour"
"2015-01",-5.923242,54.227301," Bryansford Road","Anti-social behaviour"
"2015-01",-5.968551,54.63442," Loughview Manor","Anti-social behaviour"
"2015-01",-5.965054,54.628161," Formby Park","Anti-social behaviour"
"2015-01",-5.940314,54.633538," Slievemoyne Park","Anti-social behaviour"
"2015-01",-6.007763,54.576247," Corrib Avenue","Anti-social behaviour"
"2015-01",-5.913227,54.603864," Queens Road","Anti-social behaviour"
"2015-01",-6.436846,54.902743," Skerdan Road","Anti-social behaviour"
"2015-01",-6.168122,54.235892," Chapel Fields","Anti-social behaviour"
"2015-01",-6.736924,54.634292," Castle Villas","Anti-social behaviour"
"2015-01",-6.025333,54.540416," Killeaton Gardens","Anti-social behaviour"
"2015-01",-6.464419,54.42401," Westland Road","Anti-social behaviour"
"2015-01",-5.97396,54.665805," Hollybrook Grange","Anti-social behaviour"
"2015-01",-5.904877,54.597673," Bryson Street","Anti-social behaviour"
"2015-01",-5.909936,54.674384," Princes Crescent","Anti-social behaviour"
"2015-01",-5.937415,54.586776," Claremont Street","Anti-social behaviour"
"2015-01",-7.152608,54.910617," Irwin Crescent","Anti-social behaviour"
"2015-01",-5.680808,54.653509," Clandeboye Road","Anti-social behaviour"
"2015-01",-5.818716,54.852423," Exchange Road","Anti-social behaviour"
"2015-01",-5.885482,54.602556," Park Avenue","Anti-social behaviour"
"2015-01",-6.259856,55.197621," Altananam Park","Anti-social behaviour"
"2015-01",-5.92577,54.600378," Church Lane","Anti-social behaviour"
"2015-01",-6.380637,54.448458," Enniskeen","Anti-social behaviour"
"2015-01",-5.952344,54.613903," Rothsay Square","Anti-social behaviour"
"2015-01",-5.69818,54.65323," Killeen Avenue","Anti-social behaviour"
"2015-01",-5.93627,54.690407," Forthill Grove","Anti-social behaviour"
"2015-01",-7.350069,55.013573," Norburgh Park","Anti-social behaviour"
"2015-01",-6.68812,55.132131," Carthall Manor","Anti-social behaviour"
"2015-01",-6.069677,54.516972," Drumard Drive","Anti-social behaviour"
"2015-01",-7.476513,54.788967," Primrose Park","Anti-social behaviour"
"2015-01",-5.933756,54.229899," Cedar Heights","Anti-social behaviour"
"2015-01",-6.700491,54.685994," Drummeen Road","Anti-social behaviour"
"2015-01",-6.65347,54.348795," Upper English Street","Anti-social behaviour"
"2015-01",-5.943815,54.61481," Clifton Crescent","Anti-social behaviour"
"2015-01",-6.339656,54.194038," Hill Crescent","Anti-social behaviour"
"2015-01",-7.467745,54.824465," O'Nolan Park","Anti-social behaviour"
"2015-01",-5.671813,54.659042," Railwayview Street","Anti-social behaviour"
"2015-01",-7.330341,54.617056," Beltany Road","Anti-social behaviour"
"2015-01",-6.67719,54.848229," Crawfordsburn","Anti-social behaviour"
"2015-01",-6.604494,54.750939," Sperrin View","Anti-social behaviour"
"2015-01",-6.178737,54.710045," Willowdale","Anti-social behaviour"
"2015-01",-5.945429,54.599365," St. Peters Close","Anti-social behaviour"
"2015-01",-5.654435,54.644851," Upritchard Crescent","Anti-social behaviour"
"2015-01",-5.887579,54.593445," Beersbridge Road","Anti-social behaviour"
"2015-01",-7.321051,55.025029," Carnhill","Anti-social behaviour"
"2015-01",-6.338825,54.885441," The Olde Close","Anti-social behaviour"
"2015-01",-5.976813,54.600604," High Link","Anti-social behaviour"
"2015-01",-5.842646,54.856884," Lindara Drive","Anti-social behaviour"
"2015-01",-6.354751,54.895028," Shelling Hill Road","Anti-social behaviour"
"2015-01",-7.040246,54.465544," Old Omagh Road","Anti-social behaviour"
"2015-01",-5.672675,54.659957," Dufferin Avenue","Anti-social behaviour"
"2015-01",-5.898364,54.588628," Euston Street","Anti-social behaviour"
"2015-01",-5.930334,54.599189," Castle Street","Anti-social behaviour"
"2015-01",-5.999062,54.754506," Cameron Court","Anti-social behaviour"
"2015-01",-5.920302,54.691787," Twinburn Crescent","Anti-social behaviour"
"2015-01",-5.932505,54.610691," Duncairn Parade","Anti-social behaviour"
"2015-01",-6.368121,54.187922," Millvale Road","Anti-social behaviour"
"2015-01",-6.338388,54.175242," Marcus Street","Anti-social behaviour"
"2015-01",-6.368121,54.187922," Millvale Road","Anti-social behaviour"
"2015-01",-6.273761,54.350293," Scarva Walk","Anti-social behaviour"
"2015-01",-6.010874,54.572067," Lenadoon Avenue","Anti-social behaviour"
"2015-01",-5.450373,54.456447," Westlea Drive","Anti-social behaviour"
"2015-01",-7.4647,54.827658," Railway Street","Anti-social behaviour"
"2015-01",-7.631701,54.344428," Forthill Road","Anti-social behaviour"
"2015-01",-5.874955,54.606765," Palmerston Road","Anti-social behaviour"
"2015-01",-5.959064,54.596874," Earlscourt Street","Anti-social behaviour"
"2015-01",-7.638878,54.344809," Townhall Street","Anti-social behaviour"
"2015-01",-5.887579,54.593445," Beersbridge Road","Anti-social behaviour"
"2015-01",-7.327798,55.030151," Fergleen Park","Anti-social behaviour"
"2015-01",-6.682212,55.114416," Somerset Park","Anti-social behaviour"
"2015-01",-7.355168,55.014382," Barrs Lane","Anti-social behaviour"
"2015-01",-6.68421,55.11371," Cedar Grove","Anti-social behaviour"
"2015-01",-6.74201,54.647632," Union Street","Anti-social behaviour"
"2015-01",-6.340077,54.181249," Glensandra","Anti-social behaviour"
"2015-01",-6.655962,55.126993," Lodge Park","Anti-social behaviour"
"2015-01",-5.974811,54.684202," Dalewood","Anti-social behaviour"
"2015-01",-5.701757,54.595898," William Street Mews","Anti-social behaviour"
"2015-01",-5.901479,54.597254," Harvey Court","Anti-social behaviour"
"2015-01",-6.664413,54.697173," Magherafelt Road","Anti-social behaviour"
"2015-01",-6.353661,54.194814," Fairfield Heights","Anti-social behaviour"
"2015-01",-6.330384,54.461152," Moores Lane","Anti-social behaviour"
"2015-01",-5.766596,54.547837," Glen Park","Anti-social behaviour"
"2015-01",-6.198046,54.553032," Glenavy Road","Anti-social behaviour"
"2015-01",-5.63503,54.306581," Ballycruttle Road","Anti-social behaviour"
"2015-01",-5.918781,54.59935," Rotterdam Court","Anti-social behaviour"
"2015-01",-6.950053,55.041068," Roemill Court","Anti-social behaviour"
"2015-01",-6.273283,54.871527," Devenagh Way","Anti-social behaviour"
"2015-01",-7.325601,55.001753," Asylum Road","Anti-social behaviour"
"2015-01",-5.933769,54.619958," Dunmore Avenue","Anti-social behaviour"
"2015-01",-7.323196,55.035973," Fernabbey Drive","Anti-social behaviour"
"2015-01",-5.940603,54.258383," Clarmont Avenue","Anti-social behaviour"
"2015-01",-6.047732,54.511444," Bow Street","Anti-social behaviour"
"2015-01",-7.466078,54.814019," Ballycolman Road","Anti-social behaviour"
"2015-01",-6.332962,54.455779," Russell Drive","Anti-social behaviour"
"2015-01",-5.940605,54.600811," Fingals Court","Anti-social behaviour"
"2015-01",-5.937639,54.584479," Elmwood Avenue","Anti-social behaviour"
"2015-01",-6.944669,55.039971," Coolessan Walk","Anti-social behaviour"
"2015-01",-5.953155,54.672948," Glebecoole Drive","Anti-social behaviour"
"2015-01",-5.890038,54.212311," Valentia Place","Anti-social behaviour"
"2015-01",-5.925203,54.602102," Victoria Street","Anti-social behaviour"
"2015-01",-6.747965,54.647936," Orritor Crescent","Anti-social behaviour"
"2015-01",-5.955518,54.619141," Deerpark Road","Anti-social behaviour"
"2015-01",-5.440825,54.462895," Springfield Gardens","Anti-social behaviour"
"2015-01",-7.30036,55.018983," Gleneagles","Anti-social behaviour"
"2015-01",-7.462457,54.817282," Ballycolman Estate","Anti-social behaviour"
"2015-01",-5.97733,54.590801," Whiterock Road","Anti-social behaviour"
"2015-01",-7.278605,55.046442," Ardanlee","Anti-social behaviour"
"2015-01",-7.286493,54.970611," Ridgeway Drive","Anti-social behaviour"
"2015-01",-5.927313,54.599865," High Street","Anti-social behaviour"
"2015-01",-6.774502,55.146182," Dunboe Gardens","Anti-social behaviour"
"2015-01",-6.213958,54.591767," Main Street","Anti-social behaviour"
"2015-01",-6.534298,55.079334," Beckett Avenue","Anti-social behaviour"
"2015-01",-5.699942,54.577587," Canberra Gardens","Anti-social behaviour"
"2015-01",-5.935501,54.613285," Hallidays Road","Anti-social behaviour"
"2015-01",-5.933149,54.625177," Somerton Road","Anti-social behaviour"
"2015-01",-6.663686,55.133707," Railway Place","Anti-social behaviour"
"2015-01",-6.941795,55.040395," Glenview Drive","Anti-social behaviour"
"2015-01",-6.2783,54.875165," Sandown Park","Anti-social behaviour"
"2015-01",-5.900468,54.556759," Glenholm Drive","Anti-social behaviour"
"2015-01",-5.987889,54.594427," Springfield Road","Anti-social behaviour"
"2015-01",-5.960744,54.631045," Ballysillan Road","Anti-social behaviour"
"2015-01",-7.460293,54.818584," Ballycolman Estate","Anti-social behaviour"
"2015-01",-6.351678,54.174185," Altmore Gardens","Anti-social behaviour"
"2015-01",-7.449785,54.829442," Ballee Grove","Anti-social behaviour"
"2015-01",-6.740384,54.650615," Beechway","Anti-social behaviour"
"2015-01",-6.453803,54.433011," Ballyoran Park","Anti-social behaviour"
"2015-01",-5.770608,54.496955," Moss Road","Anti-social behaviour"
"2015-01",-6.70488,54.538814," Dungannon Road","Anti-social behaviour"
"2015-01",-5.873313,54.574443," Casaeldona Park","Anti-social behaviour"
"2015-01",-6.943773,55.044311," Greystone Park","Anti-social behaviour"
"2015-01",-5.962496,54.669691," Rural Gardens","Anti-social behaviour"
"2015-01",-6.936923,55.044233," Drumachose Park","Anti-social behaviour"
"2015-01",-6.703511,54.248189," High Street","Anti-social behaviour"
"2015-01",-6.780717,54.503352," Ballygawley Road","Anti-social behaviour"
"2015-01",-5.961492,54.63157," Carrs Glen Park","Anti-social behaviour"
"2015-01",-6.943048,55.040343," Glenmill Park","Anti-social behaviour"
"2015-01",-7.316331,54.984464," Bards Hill","Anti-social behaviour"
"2015-01",-6.948169,55.043118," Roe Mill Gardens","Anti-social behaviour"
"2015-01",-5.926106,54.582198," Carmel Street","Anti-social behaviour"
"2015-01",-7.641261,54.353737," Braeside Park","Anti-social behaviour"
"2015-01",-6.215687,54.737134," Argyll Street","Anti-social behaviour"
"2015-01",-6.767631,54.500129," Mark Street","Anti-social behaviour"
"2015-01",-5.893291,54.556832," Windrush Park","Anti-social behaviour"
"2015-01",-5.929328,54.598579," Castle Lane","Anti-social behaviour"
"2015-01",-6.352147,54.180112," Hospital Road","Anti-social behaviour"
"2015-01",-5.542194,54.644655," East Street","Anti-social behaviour"
"2015-01",-5.969937,54.621846," Wheatfield Drive","Anti-social behaviour"
"2015-01",-6.359395,54.183132," Parkhead Crescent","Anti-social behaviour"
"2015-01",-6.005964,54.748726," Fernlea Gardens","Anti-social behaviour"
"2015-01",-5.935468,54.590085," St. Georges Gardens","Anti-social behaviour"
"2015-01",-5.960208,54.629059," Joanmount Park","Anti-social behaviour"
"2015-01",-5.877882,54.604956," Strandburn Parade","Anti-social behaviour"
"2015-01",-5.765074,54.450703," Alder Lane","Anti-social behaviour"
"2015-01",-6.273489,54.426058," Milltown Road","Anti-social behaviour"
"2015-01",-6.069677,54.516972," Drumard Drive","Anti-social behaviour"
"2015-01",-6.467694,54.87578," Garvaghy Crescent","Anti-social behaviour"
"2015-01",-5.97396,54.665805," Hollybrook Grange","Anti-social behaviour"
"2015-01",-6.019119,54.560234," Corrina Park","Anti-social behaviour"
"2015-01",-6.235924,54.428156," Lisnasure Road","Anti-social behaviour"
"2015-01",-5.943524,54.588955," Colchester Park","Anti-social behaviour"
"2015-01",-5.885035,54.577138," Merok Crescent","Anti-social behaviour"
"2015-01",-5.707588,54.316277," Ballymote Park","Anti-social behaviour"
"2015-01",-6.447791,54.424067," Park Road","Anti-social behaviour"
"2015-01",-6.667146,55.133386," Brook Street","Anti-social behaviour"
"2015-01",-6.050356,54.508881," Manor Drive","Anti-social behaviour"
"2015-01",-6.003937,54.751092," Chisholm Mews","Anti-social behaviour"
"2015-01",-5.943389,54.583966," Lisburn Road","Anti-social behaviour"
"2015-01",-5.948095,54.66908," Collinward Grove","Anti-social behaviour"
"2015-01",-5.909288,54.220608," Ardaluin Court","Anti-social behaviour"
"2015-01",-6.025333,54.540416," Killeaton Gardens","Anti-social behaviour"
"2015-01",-5.927784,54.603997," Academy Street","Anti-social behaviour"
"2015-01",-6.141623,54.195494," Main Street","Anti-social behaviour"
"2015-01",-7.089307,55.036801," Clooney Road","Anti-social behaviour"
"2015-01",-5.700957,54.650434," Inishargie Gardens","Anti-social behaviour"
"2015-01",-5.687886,54.648127," Rostrevor Drive","Anti-social behaviour"
"2015-01",-6.735485,54.644725," Woodland Drive","Anti-social behaviour"
"2015-01",-6.050008,54.554411," Mount Eagles Avenue","Anti-social behaviour"
"2015-01",-6.275819,54.868688," Thomas Street","Anti-social behaviour"
"2015-01",-6.005284,54.75876," Erskine Park","Anti-social behaviour"
"2015-01",-5.928779,54.6106," Hardinge Place","Anti-social behaviour"
"2015-01",-5.802918,54.59298," Church Road","Anti-social behaviour"
"2015-01",-7.330341,54.617056," Beltany Road","Anti-social behaviour"
"2015-01",-6.700947,54.244846," Carbry Heights","Anti-social behaviour"
"2015-01",-6.158616,54.192412," Newry Road","Anti-social behaviour"
"2015-01",-7.319723,54.993609," Horace Street","Anti-social behaviour"
"2015-01",-5.958754,54.612637," Brookfield Place","Anti-social behaviour"
"2015-01",-5.993493,54.588707," Monagh Road","Anti-social behaviour"
"2015-01",-6.270978,54.347702," The Cut","Anti-social behaviour"
"2015-01",-6.415051,54.424845," Killycomain Drive","Anti-social behaviour"
"2015-01",-6.596197,54.753718," Sandy Braes","Anti-social behaviour"
"2015-01",-6.337123,54.468388," Derry Street","Anti-social behaviour"
"2015-01",-6.358575,54.183336," Parkhead Crescent","Anti-social behaviour"
"2015-01",-5.891737,54.598019," Connswater Street","Anti-social behaviour"
"2015-01",-6.411058,54.354794," Austin Drive","Anti-social behaviour"
"2015-01",-7.301559,54.986032," Clondermott Park","Anti-social behaviour"
"2015-01",-6.013959,54.744051," Huntingdale Court","Anti-social behaviour"
"2015-01",-6.071181,54.516196," Drumard Drive","Anti-social behaviour"
"2015-01",-5.942405,54.598874," Milford Street","Anti-social behaviour"
"2015-01",-5.947632,54.677033," Archvale Drive","Anti-social behaviour"
"2015-01",-5.638213,54.648058," Cloverhill Park","Anti-social behaviour"
"2015-01",-5.895986,54.588542," Castlereagh Road","Anti-social behaviour"
"2015-01",-6.399679,54.195084," Church Road","Anti-social behaviour"
"2015-01",-6.185606,54.713625," Bleerick Drive","Anti-social behaviour"
"2015-01",-6.780064,54.506122," Springdale","Anti-social behaviour"
"2015-01",-7.294025,54.586728," Oak Rise","Anti-social behaviour"
"2015-01",-5.866017,54.578789," Castleview Court","Anti-social behaviour"
"2015-01",-6.617981,54.7567," Rainey Court","Anti-social behaviour"
"2015-01",-6.434238,54.488939," Derrycor Lane","Anti-social behaviour"
"2015-01",-5.641398,54.661553," Ashley Drive","Anti-social behaviour"
"2015-01",-5.665981,54.661284," Bingham Street East","Anti-social behaviour"
"2015-01",-6.774888,54.505225," Donaghmore Road","Anti-social behaviour"
"2015-01",-5.781839,54.596171," Carrowreagh Road","Anti-social behaviour"
"2015-01",-6.142014,54.193271," Ardmore Park","Anti-social behaviour"
"2015-01",-5.84333,54.856322," Lindara Park","Anti-social behaviour"
"2015-01",-6.273283,54.871527," Devenagh Way","Anti-social behaviour"
"2015-01",-5.952694,54.569937," Osborne Gardens","Anti-social behaviour"
"2015-01",-5.923358,54.600947," Queens Square","Anti-social behaviour"
"2015-01",-6.301029,54.43564," Primary Walk","Anti-social behaviour"
"2015-01",-5.666227,54.596162," Heron Ridge","Anti-social behaviour"
"2015-01",-5.942415,54.686675," Ravelston Avenue","Anti-social behaviour"
"2015-01",-5.693269,54.648005," Clandeboye Drive","Anti-social behaviour"
"2015-01",-5.94012,54.622052," Marsden Gardens","Anti-social behaviour"
"2015-01",-5.905309,54.563645," Glencregagh Road","Anti-social behaviour"
"2015-01",-6.020483,54.061557," The Brambles","Anti-social behaviour"
"2015-01",-6.335962,54.177293," Upper Water Street","Anti-social behaviour"
"2015-01",-7.323343,55.030072," Brookdale Park","Anti-social behaviour"
"2015-01",-6.520227,55.058394," Cambourne Crescent","Anti-social behaviour"
"2015-01",-5.702351,54.595523," West Street","Anti-social behaviour"
"2015-01",-7.336893,54.981326," Hazelwood Avenue","Anti-social behaviour"
"2015-01",-6.748208,54.650616," Millburn Park","Anti-social behaviour"
"2015-01",-5.969898,54.691919," Ballyclare Road","Anti-social behaviour"
"2015-01",-6.4418,54.423594," Meadow Lane","Anti-social behaviour"
"2015-01",-5.626715,54.333574," Ballytrustan Road","Anti-social behaviour"
"2015-01",-7.330553,55.004664," Academy Road","Anti-social behaviour"
"2015-01",-5.81019,54.714537," West Street","Anti-social behaviour"
"2015-01",-6.273196,54.350555," Victoria Gardens","Anti-social behaviour"
"2015-01",-6.62231,55.156854," Drumadragh","Anti-social behaviour"
"2015-01",-5.953232,54.634746," Mount Coole Park","Anti-social behaviour"
"2015-01",-6.791005,54.654572," Orritor Road","Anti-social behaviour"
"2015-01",-7.320302,55.023058," Carnhill","Anti-social behaviour"
"2015-01",-6.669715,54.348652," Ard Ri Park","Anti-social behaviour"
"2015-01",-5.885402,54.598421," Cheviot Avenue","Anti-social behaviour"
"2015-01",-6.247794,55.202263," Ann Street","Anti-social behaviour"
"2015-01",-6.656545,54.350222," Edward Street","Anti-social behaviour"
"2015-01",-5.600319,54.31817," Crew Road","Anti-social behaviour"
"2015-01",-5.944123,54.614222," Roseleigh Street","Anti-social behaviour"
"2015-01",-6.774922,54.346612," Main Street","Anti-social behaviour"
"2015-01",-7.317373,55.010537," Strand Road","Anti-social behaviour"
"2015-01",-5.938036,54.625593," Salisbury Avenue","Anti-social behaviour"
"2015-01",-7.308576,54.996744," Bonds Street","Anti-social behaviour"
"2015-01",-6.277867,54.860838," Patrick Place","Anti-social behaviour"
"2015-01",-5.930334,54.599189," Castle Street","Anti-social behaviour"
"2015-01",-5.672675,54.659957," Dufferin Avenue","Anti-social behaviour"
"2015-01",-6.016152,54.564022," Margaretta Park","Anti-social behaviour"
"2015-01",-5.933066,54.591086," Dublin Road","Anti-social behaviour"
"2015-01",-5.893519,54.206882," Bryansford Road","Anti-social behaviour"
"2015-01",-6.331305,54.455954," Colban Crescent","Anti-social behaviour"
"2015-01",-6.009874,54.748476," Grange Valley Crescent","Anti-social behaviour"
"2015-01",-7.632441,54.356289," Hillview Walk","Anti-social behaviour"
"2015-01",-6.065388,54.525044," Brambling Close","Anti-social behaviour"
"2015-01",-6.330043,54.466888," Oakleigh Heights","Anti-social behaviour"
"2015-01",-5.974605,54.617953," Abbeydale Drive","Anti-social behaviour"
"2015-01",-6.443864,54.417529," Thomas Street","Anti-social behaviour"
"2015-01",-6.320833,54.482367," Tarry Lane","Anti-social behaviour"
"2015-01",-5.795353,54.594379," Davarr Avenue","Anti-social behaviour"
"2015-01",-5.894311,54.582322," Ladas Way","Anti-social behaviour"
"2015-01",-6.042678,54.510895," Market Square","Anti-social behaviour"
"2015-01",-5.928554,54.600102," Winecellar Entry","Anti-social behaviour"
"2015-01",-6.209654,54.893084," Shane Court","Anti-social behaviour"
"2015-01",-6.042847,54.507043," Crommelin Place","Anti-social behaviour"
"2015-01",-7.322812,54.999402," Great James Street","Anti-social behaviour"
"2015-01",-5.980209,54.580166," Falls Road","Anti-social behaviour"
"2015-01",-6.178737,54.710045," Willowdale","Anti-social behaviour"
"2015-01",-5.968582,54.600879," Watermouth Crescent","Anti-social behaviour"
"2015-01",-6.399679,54.195084," Church Road","Anti-social behaviour"
"2015-01",-5.980273,54.577301," Kennedy Way","Anti-social behaviour"
"2015-01",-6.073626,54.523288," Edenvale Gardens","Anti-social behaviour"
"2015-01",-6.275819,54.868688," Thomas Street","Anti-social behaviour"
"2015-01",-6.704167,54.493545," Cavan Road","Anti-social behaviour"
"2015-01",-5.889551,54.21224," Main Street","Anti-social behaviour"
"2015-01",-7.468321,54.823291," Ballycolman Avenue","Anti-social behaviour"
"2015-01",-6.063984,54.517501," Thornleigh Drive","Anti-social behaviour"
"2015-01",-5.958754,54.612637," Brookfield Place","Anti-social behaviour"
"2015-01",-6.264111,54.351547," Burnview Terrace","Anti-social behaviour"
"2015-01",-5.814448,54.712692," Belfast Road","Anti-social behaviour"
"2015-01",-5.872615,54.608602," Inverwood Gardens","Anti-social behaviour"
"2015-01",-7.321907,54.999307," Strand Road","Anti-social behaviour"
"2015-01",-5.946853,54.632544," Shandarragh Park","Anti-social behaviour"
"2015-01",-6.153683,54.413027," Bishopshill","Anti-social behaviour"
"2015-01",-6.244744,54.110245," Dallan Hill","Anti-social behaviour"
"2015-01",-6.270823,54.86603," Glenravel Park","Anti-social behaviour"
"2015-01",-6.037326,54.507232," Ballynahinch Road","Anti-social behaviour"
"2015-01",-6.63886,54.786241," Grange Lane","Anti-social behaviour"
"2015-01",-5.927226,54.577509," Annadale Embankment","Anti-social behaviour"
"2015-01",-5.955965,54.613623," Prospect Park","Anti-social behaviour"
"2015-01",-5.922319,54.584882," Rutland Street","Anti-social behaviour"
"2015-01",-5.890692,54.597875," East Bread Street","Anti-social behaviour"
"2015-01",-7.484366,54.817997," Summerhill Court","Anti-social behaviour"
"2015-01",-6.763833,54.501186," Gortmerron Avenue","Anti-social behaviour"
"2015-01",-5.93765,54.586411," Abercorn Street","Anti-social behaviour"
"2015-01",-5.890032,54.548095," Laurelgrove Avenue","Anti-social behaviour"
"2015-01",-5.469241,54.49508," Oak Avenue","Anti-social behaviour"
"2015-01",-5.671397,54.662511," Southwell Road","Anti-social behaviour"
"2015-01",-5.90499,54.599705," Susan Street","Anti-social behaviour"
"2015-01",-6.448355,54.418539," Tavanagh Gardens","Anti-social behaviour"
"2015-01",-5.933066,54.591086," Dublin Road","Anti-social behaviour"
"2015-01",-5.934027,54.599306," Marquis Street","Anti-social behaviour"
"2015-01",-6.348367,54.459997," Oakridge","Anti-social behaviour"
"2015-01",-5.887872,54.597934," Westminister Avenue","Anti-social behaviour"
"2015-01",-6.70201,54.541613," Ardnaskea Park","Anti-social behaviour"
"2015-01",-5.926442,54.584423," Rugby Avenue","Anti-social behaviour"
"2015-01",-6.014801,54.563506," Margaretta Park","Anti-social behaviour"
"2015-01",-6.269415,54.855274," Brooke Park","Anti-social behaviour"
"2015-01",-7.455138,54.821328," Marian Park","Anti-social behaviour"
"2015-01",-6.60926,54.751003," Greenvale Park","Anti-social behaviour"
"2015-01",-7.152608,54.910617," Irwin Crescent","Anti-social behaviour"
"2015-01",-5.847551,54.580798," Farmhurst Green","Anti-social behaviour"
"2015-01",-6.741749,54.646057," Molesworth Road","Anti-social behaviour"
"2015-01",-6.517932,54.81058," Springfield Park","Anti-social behaviour"
"2015-01",-6.278199,54.869126," Duke Street","Anti-social behaviour"
"2015-01",-5.671813,54.659042," Railwayview Street","Anti-social behaviour"
"2015-01",-7.330341,54.617056," Beltany Road","Anti-social behaviour"
"2015-01",-5.931361,54.577418," Ridgeway Street","Anti-social behaviour"
"2015-01",-6.339119,54.175351," The Mall","Anti-social behaviour"
"2015-01",-7.325601,55.001753," Asylum Road","Anti-social behaviour"
"2015-01",-5.865506,54.574971," Glenview Avenue","Anti-social behaviour"
"2015-01",-6.936923,55.044233," Drumachose Park","Anti-social behaviour"
"2015-01",-6.629669,54.335679," Edenvale","Anti-social behaviour"
"2015-01",-7.378949,54.717334," Dublin Street","Anti-social behaviour"
"2015-01",-5.936409,54.610632," Kinnaird Street","Anti-social behaviour"
"2015-01",-6.260798,54.871663," Fisherwick Crescent","Anti-social behaviour"
"2015-01",-5.718268,54.744047," Quay Lane","Anti-social behaviour"
"2015-01",-6.51892,54.80822," Main Street","Anti-social behaviour"
"2015-01",-6.635239,54.344817," Orangefield Crescent","Anti-social behaviour"
"2015-01",-5.923514,54.240524," Drumee Road","Anti-social behaviour"
"2015-01",-5.81549,54.85276," Agnew Street","Anti-social behaviour"
"2015-01",-7.266328,55.033407," Deramore Drive","Anti-social behaviour"
"2015-01",-5.912343,54.678838," Kings Road","Anti-social behaviour"
"2015-01",-7.34522,55.029141," Upper Galliagh Road","Anti-social behaviour"
"2015-01",-6.253327,54.860353," Orkney Drive","Anti-social behaviour"
"2015-01",-5.957575,54.617029," Jamaica Street","Anti-social behaviour"
"2015-01",-6.939489,54.596088," Shanroy Park","Anti-social behaviour"
"2015-01",-5.956349,54.597322," Waterford Gardens","Anti-social behaviour"
"2015-01",-6.653187,55.072524," Ballylintagh Road","Anti-social behaviour"
"2015-01",-5.792105,54.440974," Milltown Lane","Anti-social behaviour"
"2015-01",-7.45461,54.823589," Evish Grove","Anti-social behaviour"
"2015-01",-6.339119,54.175351," The Mall","Anti-social behaviour"
"2015-01",-6.687057,54.978578," Houston Crescent","Anti-social behaviour"
"2015-01",-6.278223,54.865264," Mill Street","Anti-social behaviour"
"2015-01",-7.313373,54.377039," Spout Road","Anti-social behaviour"
"2015-01",-6.671477,54.843945," Main Street","Anti-social behaviour"
"2015-01",-5.921916,54.588541," Cooke Court","Anti-social behaviour"
"2015-01",-6.946879,55.04635," Benevenagh Drive","Anti-social behaviour"
"2015-01",-6.053608,54.496022," Springburn Park","Anti-social behaviour"
"2015-01",-6.449266,54.433151," Churchill Park","Anti-social behaviour"
"2015-01",-7.641273,54.350602," Derrin Road","Anti-social behaviour"
"2015-01",-6.616888,54.755951," Mullaghboy Crescent","Anti-social behaviour"
"2015-01",-5.933895,54.587857," Lower Crescent","Anti-social behaviour"
"2015-01",-5.932635,54.591645," Ventry Street","Anti-social behaviour"
"2015-01",-5.927828,54.598562," Arthur Square","Anti-social behaviour"
"2015-01",-5.930334,54.599189," Castle Street","Anti-social behaviour"
"2015-01",-5.949568,54.591529," Wauchope Court","Anti-social behaviour"
"2015-01",-5.903241,54.596988," Tower Street","Anti-social behaviour"
"2015-01",-7.32083,54.997442," Magazine Street","Anti-social behaviour"
"2015-01",-5.925203,54.602102," Victoria Street","Anti-social behaviour"
"2015-01",-6.251839,54.858759," Staffa Drive","Anti-social behaviour"
"2015-01",-5.886052,54.589762," Dunraven Gardens","Anti-social behaviour"
"2015-01",-6.221368,54.715206," Market Square","Anti-social behaviour"
"2015-01",-5.648462,54.482275," Whiterock Bay","Anti-social behaviour"
"2015-01",-5.910685,54.58611," Ravenhill Court","Anti-social behaviour"
"2015-01",-5.992775,54.563367," Ashton Avenue","Anti-social behaviour"
"2015-01",-7.30036,55.018983," Gleneagles","Anti-social behaviour"
"2015-01",-5.922608,54.585579," Hatfield Street","Anti-social behaviour"
"2015-01",-5.772852,54.728637," Higgins Court","Anti-social behaviour"
"2015-01",-7.445594,54.248965," Trasna Way","Anti-social behaviour"
"2015-01",-7.47647,54.787475," Daisy Park","Anti-social behaviour"
"2015-01",-6.748077,54.648323," Oritor Street","Anti-social behaviour"
"2015-01",-5.88054,54.58865," Orangefield Park","Anti-social behaviour"
"2015-01",-5.668506,54.659688," Market Street","Anti-social behaviour"
"2015-01",-5.938347,54.61425," Cliftonville Road","Anti-social behaviour"
"2015-01",-7.319635,54.589785," Ashbourne Court","Anti-social behaviour"
"2015-01",-6.021374,54.54975," Thornhill Crescent","Anti-social behaviour"
"2015-01",-5.931238,54.597228," Donegall Square North","Anti-social behaviour"
"2015-01",-5.956553,54.60313," Lawnbrook Avenue","Anti-social behaviour"
"2015-01",-5.671433,54.6581," Abbey Street","Anti-social behaviour"
"2015-01",-5.925203,54.602102," Victoria Street","Anti-social behaviour"
"2015-01",-7.630043,54.345824," Forthill Street","Anti-social behaviour"
"2015-01",-5.822991,54.851116," Coopers Lane","Anti-social behaviour"
"2015-01",-5.955906,54.623757," Dunowen Gardens","Anti-social behaviour"
"2015-01",-6.278889,54.864986," George Street","Anti-social behaviour"
"2015-01",-5.913018,54.662047," Armoy Gardens","Anti-social behaviour"
"2015-01",-5.528995,54.608362," Moss Road","Anti-social behaviour"
"2015-01",-5.560084,54.535318," Newtownards Road","Anti-social behaviour"
"2015-01",-5.946069,54.580517," Ashleigh Manor","Anti-social behaviour"
"2015-01",-5.940605,54.600811," Fingals Court","Anti-social behaviour"
"2015-01",-5.948621,54.678927," Glebe Road","Anti-social behaviour"
"2015-01",-5.936558,54.604641," Stanhope Drive","Anti-social behaviour"
"2015-01",-6.277823,54.854567," Toome Road","Anti-social behaviour"
"2015-01",-6.422472,54.497527," Ardmore Road","Anti-social behaviour"
"2015-01",-5.879054,54.573187," Delamont Park","Anti-social behaviour"
"2015-01",-6.353908,54.185132," Second Avenue","Anti-social behaviour"
"2015-01",-6.339119,54.175351," The Mall","Anti-social behaviour"
"2015-01",-5.441297,54.46002," Harbour Road","Anti-social behaviour"
"2015-01",-5.930316,54.586421," Wolseley Street","Anti-social behaviour"
"2015-01",-6.744188,54.64884," Coagh Crescent","Anti-social behaviour"
"2015-01",-7.339389,54.99767," Malin Gardens","Anti-social behaviour"
"2015-01",-5.680335,54.626993," Tower Park","Anti-social behaviour"
"2015-01",-5.696529,54.59668," Marquis Street","Anti-social behaviour"
"2015-01",-5.716197,54.320672," Vianstown Road","Anti-social behaviour"
"2015-01",-6.703511,54.248189," High Street","Anti-social behaviour"
"2015-01",-5.927733,54.597383," Chichester Street","Anti-social behaviour"
"2015-01",-7.462947,54.823779," Melvin Road","Anti-social behaviour"
"2015-01",-6.203922,54.718084," Kilgreel Road","Anti-social behaviour"
"2015-01",-6.929531,55.042174," Anderson Crescent","Anti-social behaviour"
"2015-01",-7.327904,54.99581," Lisfannon Park","Anti-social behaviour"
"2015-01",-7.612111,54.352658," College Park Lane","Anti-social behaviour"
"2015-01",-7.465187,54.823816," Bridge Street","Anti-social behaviour"
"2015-01",-5.96077,54.669195," Farmley Crescent","Anti-social behaviour"
"2015-01",-5.938434,54.548535," Kirkistown Avenue","Anti-social behaviour"
"2015-01",-5.636618,54.645646," Beaumont Drive","Anti-social behaviour"
"2015-01",-5.829682,54.455376," Listooder Gardens","Anti-social behaviour"
"2015-01",-6.73627,54.619911," Tullywiggan Road","Anti-social behaviour"
"2015-01",-5.965054,54.628161," Formby Park","Anti-social behaviour"
"2015-01",-5.928554,54.600102," Winecellar Entry","Anti-social behaviour"
"2015-01",NA,NA,"","Anti-social behaviour"
"2015-01",-5.909497,54.598121," Mountpottinger Road","Anti-social behaviour"
"2015-01",-5.547633,54.380822," Ferry Street","Anti-social behaviour"
"2015-01",-5.96753,54.684359," Glencroft Gardens","Anti-social behaviour"
"2015-01",-5.947105,54.665047," Horizon Mews","Anti-social behaviour"
"2015-01",-6.521574,55.206393," Woodvale Park","Anti-social behaviour"
"2015-01",-5.842254,54.856069," Lindara Drive","Anti-social behaviour"
"2015-01",-5.893548,54.590512," Grove Street East","Anti-social behaviour"
"2015-01",-5.934882,54.589437," Donegall Road","Anti-social behaviour"
"2015-01",-5.980273,54.577301," Kennedy Way","Anti-social behaviour"
"2015-01",-5.819791,54.640889," Woodlands","Anti-social behaviour"
"2015-01",-5.821929,54.853487," The Roddens","Anti-social behaviour"
"2015-01",-5.670535,54.65944," Dufferin Avenue","Anti-social behaviour"
"2015-01",-6.815213,54.532893," Lismore Drive","Anti-social behaviour"
"2015-01",-7.301561,54.994018," Montgomery Close","Anti-social behaviour"
"2015-01",-6.357243,54.445905," Ardowen","Anti-social behaviour"
"2015-01",-5.933461,54.593357," Hope Street","Anti-social behaviour"
"2015-01",-5.964375,54.628725," Wallasey Park","Anti-social behaviour"
"2015-01",-5.958754,54.612637," Brookfield Place","Anti-social behaviour"
"2015-01",-7.369863,54.402259," Headhill Road","Anti-social behaviour"
"2015-01",-6.337595,54.176291," Hill Street","Anti-social behaviour"
"2015-01",-6.653578,55.208021," Bath Terrace","Anti-social behaviour"
"2015-01",-7.263341,55.033407," Temple Road","Anti-social behaviour"
"2015-01",-6.271533,54.42019," Milltown Road","Anti-social behaviour"
"2015-01",-5.796114,54.598049," Dunleady Park","Anti-social behaviour"
"2015-01",-6.40621,54.43348," Lisnisky Lane","Anti-social behaviour"
"2015-01",-6.415809,54.433552," Ramone Park","Anti-social behaviour"
"2015-01",-5.928779,54.6106," Hardinge Place","Anti-social behaviour"
"2015-01",-6.339119,54.175351," The Mall","Anti-social behaviour"
"2015-01",-7.16018,54.913877," Glebe Crescent","Anti-social behaviour"
"2015-01",-6.486668,54.184529," Main Street","Anti-social behaviour"
"2015-01",-5.933066,54.591086," Dublin Road","Anti-social behaviour"
"2015-01",-6.941795,55.040395," Glenview Drive","Anti-social behaviour"
"2015-01",-5.893556,54.514516," Lough Erne Park","Anti-social behaviour"
"2015-01",-6.943699,55.03937," Woodland Walk","Anti-social behaviour"
"2015-01",-6.256323,54.106532," Ganna Way","Anti-social behaviour"
"2015-01",-7.016933,55.044565," Main Street","Anti-social behaviour"
"2015-01",-6.739946,54.647727," Limekiln Lane","Anti-social behaviour"
"2015-01",-5.927653,54.600778," Waring Street","Anti-social behaviour"
"2015-01",-5.893638,54.222905," Burrenview Way","Anti-social behaviour"
"2015-01",-6.745606,54.649583," Oldtown Street","Anti-social behaviour"
"2015-01",-5.641896,54.648947," Kingsmere Avenue","Anti-social behaviour"
"2015-01",-7.473838,54.816578," Melmount Gardens","Anti-social behaviour"
"2015-01",-6.005767,54.061377," Finlieve Place","Anti-social behaviour"
"2015-01",-6.264584,54.878546," Dunfane Avenue","Anti-social behaviour"
"2015-01",-6.230421,54.479666," Castlevue Gardens","Anti-social behaviour"
"2015-01",-6.769659,55.147597," Woodend Park","Anti-social behaviour"
"2015-01",-5.931597,54.607845," Victoria Parade","Anti-social behaviour"
"2015-01",-7.641375,54.425273," Rossfad Road","Anti-social behaviour"
"2015-01",-7.612311,54.354258," Loane Drive","Anti-social behaviour"
"2015-01",-5.832346,54.533588," Keel Way","Anti-social behaviour"
"2015-01",-5.964302,54.680692," Glenvarna Walk","Anti-social behaviour"
"2015-01",-6.339119,54.175351," The Mall","Anti-social behaviour"
"2015-01",-7.47157,54.822299," Derg Villas","Anti-social behaviour"
"2015-01",-7.643201,54.348164," Queen Street","Anti-social behaviour"
"2015-01",-6.144152,54.417373," Mountview Drive","Anti-social behaviour"
"2015-01",-6.352703,54.997039," Frosses Road","Anti-social behaviour"
"2015-01",-6.278889,54.864986," George Street","Anti-social behaviour"
"2015-01",-5.796114,54.598049," Dunleady Park","Anti-social behaviour"
"2015-01",-7.159649,55.036507," Longfield Road","Anti-social behaviour"
"2015-01",-5.968034,54.559692," Findon Grove","Anti-social behaviour"
"2015-01",-6.769659,55.147597," Woodend Park","Anti-social behaviour"
"2015-01",-5.529113,54.607699," Abbey Road","Anti-social behaviour"
"2015-01",-5.672768,54.661864," Gray'S Hill","Anti-social behaviour"
"2015-01",-5.774041,54.728462," Higgins Court","Anti-social behaviour"
"2015-01",-6.769659,55.147597," Woodend Park","Anti-social behaviour"
"2015-01",-6.69245,54.542939," Meenagh Park","Anti-social behaviour"
"2015-01",-6.277105,54.858258," Queen Street","Anti-social behaviour"
"2015-01",-6.277105,54.858258," Queen Street","Anti-social behaviour"
"2015-01",-7.461568,54.825632," Barrack Street","Anti-social behaviour"
"2015-01",-7.359531,55.032846," Benview Estate","Anti-social behaviour"
"2015-01",-5.927533,54.599788," High Street","Anti-social behaviour"
"2015-01",-7.356594,55.014156," Barrs Lane","Anti-social behaviour"
"2015-01",-6.745148,54.646838," Burn Road","Anti-social behaviour"
"2015-01",-6.277867,54.860838," Patrick Place","Anti-social behaviour"
"2015-01",-6.277105,54.858258," Queen Street","Anti-social behaviour"
"2015-01",-5.889516,54.215339," Railway Street","Anti-social behaviour"
"2015-01",-5.656093,54.641352," Balloo Walk","Anti-social behaviour"
"2015-01",-5.66942,54.589304," Greenlea Park","Anti-social behaviour"
"2015-01",-7.649359,54.345478," Whaley Terrace","Anti-social behaviour"
"2015-01",-5.939056,54.586435," Minds Way","Anti-social behaviour"
"2015-01",-5.961838,54.588115," Rodney Parade","Anti-social behaviour"
"2015-01",-5.666901,54.662003," Bingham Lane","Anti-social behaviour"
"2015-01",-6.18698,54.710663," Firmount Drive","Anti-social behaviour"
"2015-01",-7.292116,54.85596," Lisnaragh Road","Anti-social behaviour"
"2015-01",-6.394186,54.197653," College Square North","Anti-social behaviour"
"2015-01",-6.678204,55.13091," Spencer Row","Anti-social behaviour"
"2015-01",-5.933895,54.587857," Lower Crescent","Anti-social behaviour"
"2015-01",-5.850478,54.364573," Sycamore Court","Anti-social behaviour"
"2015-01",-5.927357,54.5862," University Street","Anti-social behaviour"
"2015-01",-6.214981,54.562726," Scroggy Road","Anti-social behaviour"
"2015-01",-7.308576,54.996744," Bonds Street","Anti-social behaviour"
"2015-01",-6.944669,55.039971," Coolessan Walk","Anti-social behaviour"
"2015-01",-7.3061,54.991709," Good Shepherd Glen","Anti-social behaviour"
"2015-01",-6.016592,54.556545," Forest Park","Anti-social behaviour"
"2015-01",-7.175374,55.02403," Madison Avenue","Anti-social behaviour"
"2015-01",-6.053501,54.518078," Bellevue Park","Anti-social behaviour"
"2015-01",-5.949511,54.596047," Gibson Street","Anti-social behaviour"
"2015-01",-7.175678,55.029817," St. Canices Park","Anti-social behaviour"
"2015-01",-6.786247,54.505843," Ballysaggart Park","Anti-social behaviour"
"2015-01",-5.998658,54.55279," Beechlawn Park","Anti-social behaviour"
"2015-01",-7.641273,54.350602," Derrin Road","Anti-social behaviour"
"2015-01",-5.976813,54.600604," High Link","Anti-social behaviour"
"2015-01",-7.330139,55.029517," Galliagh Park","Anti-social behaviour"
"2015-01",-5.682499,54.589493," Stanfield Drive","Anti-social behaviour"
"2015-01",-5.909219,54.560064," Breda Park","Anti-social behaviour"
"2015-01",-5.672662,54.657207," Abbey Street","Anti-social behaviour"
"2015-01",-6.688581,54.534443," Canal Place","Anti-social behaviour"
"2015-01",-5.882654,54.526429," Manse Drive","Anti-social behaviour"
"2015-01",-5.797563,54.502085," Meadow Way","Anti-social behaviour"
"2015-01",-5.931632,54.57328," Lockview Road","Anti-social behaviour"
"2015-01",-5.903567,54.588252," Carlingford Street","Anti-social behaviour"
"2015-01",-7.466078,54.814019," Ballycolman Road","Anti-social behaviour"
"2015-01",-6.292819,54.462936," Taughrane Heights","Anti-social behaviour"
"2015-01",-5.961793,54.678161," Northcroft","Anti-social behaviour"
"2015-01",-5.792259,54.257132," Marian Park","Anti-social behaviour"
"2015-01",-6.940087,55.038727," Glenburn Way","Anti-social behaviour"
"2015-01",-6.272027,54.351302," Reilly Place","Anti-social behaviour"
"2015-01",-5.819155,54.85438," Mcgarel Court","Anti-social behaviour"
"2015-01",-6.215194,54.620464," Main Street","Anti-social behaviour"
"2015-01",-6.502516,55.066649," Stuart Park","Anti-social behaviour"
"2015-01",-7.639946,54.345747," High Street","Anti-social behaviour"
"2015-01",-7.29392,54.600867," Holmview Mews","Anti-social behaviour"
"2015-01",-7.353108,55.019967," Ennis Place","Anti-social behaviour"
"2015-01",-5.920489,54.587699," Shaftesbury Avenue","Anti-social behaviour"
"2015-01",-7.323763,54.591776," Lambrook Close","Anti-social behaviour"
"2015-01",-6.278889,54.864986," George Street","Anti-social behaviour"
"2015-01",-5.955902,54.6155," Havana Way","Anti-social behaviour"
"2015-01",-6.189383,54.71697," Dunamoy Drive","Anti-social behaviour"
"2015-01",-6.041317,54.543848," Barnfield Road","Anti-social behaviour"
"2015-01",-5.969702,54.556306," Upper Malone Park","Anti-social behaviour"
"2015-01",-6.318527,54.863951," Fairyhill","Anti-social behaviour"
"2015-01",-5.667909,54.633592," Ardvanagh Grange","Anti-social behaviour"
"2015-01",-6.705129,54.248458," Market Street","Anti-social behaviour"
"2015-01",-6.028906,54.510546," Ashmount Gardens","Anti-social behaviour"
"2015-01",-6.784199,54.507242," Lisnahull Gardens","Anti-social behaviour"
"2015-01",-5.665177,54.665573," Holborn Lane","Anti-social behaviour"
"2015-01",-6.037355,54.514025," Seymour Street","Anti-social behaviour"
"2015-01",-7.627793,54.343024," Tempo Road","Anti-social behaviour"
"2015-01",-6.067837,54.527805," Tullyvar Park","Anti-social behaviour"
"2015-01",-6.443381,54.426597," Park Road","Anti-social behaviour"
"2015-01",-6.441213,54.422032," Sandy Row","Anti-social behaviour"
"2015-01",-6.743266,54.640053," Fountain Close","Anti-social behaviour"
"2015-01",-7.268315,54.607605," Knockmoe Heights","Anti-social behaviour"
"2015-01",-6.334009,54.469477," Victoria Street","Anti-social behaviour"
"2015-01",-6.805828,54.503001," Ballygawley Road","Anti-social behaviour"
"2015-01",-6.748197,54.650454," Millburn Park","Anti-social behaviour"
"2015-01",-6.277823,54.854567," Toome Road","Anti-social behaviour"
"2015-01",-6.685637,55.140405," Greenhill Road","Anti-social behaviour"
"2015-01",-5.791302,54.73194," Portsmouth Gardens","Anti-social behaviour"
"2015-01",-6.663339,54.841016," King William Iii Crescent","Anti-social behaviour"
"2015-01",-5.949617,54.583785," Tates Avenue","Anti-social behaviour"
"2015-01",-5.667217,54.590223," Fairfield Court","Anti-social behaviour"
"2015-01",-6.565739,54.776513," Shandon Park","Anti-social behaviour"
"2015-01",-6.654925,54.348038," Cathedral Close","Anti-social behaviour"
"2015-01",-6.34796,54.177171," Monaghan Row","Anti-social behaviour"
"2015-01",-5.930723,54.65342," Mulderg Drive","Anti-social behaviour"
"2015-01",-6.305249,54.860783," Cameron Park","Anti-social behaviour"
"2015-01",-6.69121,54.446455," The Square","Anti-social behaviour"
"2015-01",-6.217308,54.722136," Tiger Court","Anti-social behaviour"
"2015-01",-7.47556,54.784525," Grove Terrace","Anti-social behaviour"
"2015-01",-6.270932,54.846015," Drumtara","Anti-social behaviour"
"2015-01",-5.947011,54.612816," Mountview Court","Anti-social behaviour"
"2015-01",-5.970349,54.676364," Antrim Road","Anti-social behaviour"
"2015-01",-7.353445,55.020382," O'Riada Court","Anti-social behaviour"
"2015-01",-5.931677,54.579714," Colenso Parade","Anti-social behaviour"
"2015-01",-6.366334,54.445256," Hillcrest Manor","Anti-social behaviour"
"2015-01",-7.467857,54.827798," Eden Terrace","Anti-social behaviour"
"2015-01",-5.690213,54.592614," Movilla Street","Anti-social behaviour"
"2015-01",-5.666169,54.595019," Heron Lodge","Anti-social behaviour"
"2015-01",-5.904098,54.557424," Newton Park","Anti-social behaviour"
"2015-01",-5.934143,54.590584," Great Victoria Street","Anti-social behaviour"
"2015-01",-7.320709,55.017536," Racecourse Road","Anti-social behaviour"
"2015-01",-6.346262,54.889541," Ard-Na-Maine","Anti-social behaviour"
"2015-01",-6.635239,54.344817," Orangefield Crescent","Anti-social behaviour"
"2015-01",-5.780858,54.729575," Dromore Road","Anti-social behaviour"
"2015-01",-7.213844,54.980601," Lettershendony Avenue","Anti-social behaviour"
"2015-01",-6.078527,54.521237," Rathvarna Avenue","Anti-social behaviour"
"2015-01",-5.919596,54.607639," Pilot Street","Anti-social behaviour"
"2015-01",-5.667276,54.663573," High Street","Anti-social behaviour"
"2015-01",-6.663686,55.133707," Railway Place","Anti-social behaviour"
"2015-01",-5.89915,54.601904," Medway Street","Anti-social behaviour"
"2015-01",-5.669344,54.659668," Main Street","Anti-social behaviour"
"2015-01",-5.924925,54.599348," Upper Church Lane","Anti-social behaviour"
"2015-01",-7.325658,55.035573," Fernabbey Court","Anti-social behaviour"
"2015-01",-5.837175,54.460084," Lisburn Road","Anti-social behaviour"
