"Location","Month","Crime.type","Latitude","Longitude","Postcode"
"abbey park","2015-01","Anti-social behaviour",54.591375,-5.841562,"BT489DS"
"abbey road","2015-01","Anti-social behaviour",54.607699,-5.529113,"BT414SH"
"abbey street","2015-01","Anti-social behaviour",54.657207,-5.672662,"BT521DS"
"abbey street","2015-01","Anti-social behaviour",54.6581,-5.671433,"BT521DS"
"abbeycroft road","2015-01","Anti-social behaviour",54.680027,-5.906281,"BT370YL"
"abbeydale drive","2015-01","Anti-social behaviour",54.617953,-5.974605,"BT147HL"
"abercorn street","2015-01","Anti-social behaviour",54.586411,-5.93765,"BT96UD"
"academy road","2015-01","Anti-social behaviour",55.004664,-7.330553,"BT487LA"
"academy street","2015-01","Anti-social behaviour",54.603997,-5.927784,"BT12LS"
"agherton gardens","2015-01","Anti-social behaviour",55.077329,-6.50387,"BT536PR"
"agnew street","2015-01","Anti-social behaviour",54.85276,-5.81549,"BT401RF"
"ajax court","2015-01","Anti-social behaviour",54.722494,-6.215958,"BT414HH"
"alder lane","2015-01","Anti-social behaviour",54.450703,-5.765074,"BT247BF"
"alfred street","2015-01","Anti-social behaviour",54.595132,-5.927414,"BT28ED"
"altananam park","2015-01","Anti-social behaviour",55.197621,-6.259856,"BT546EE"
"altmore gardens","2015-01","Anti-social behaviour",54.174185,-6.351678,"BT358EX"
"anderson crescent","2015-01","Anti-social behaviour",55.042174,-6.929531,"BT472BY"
"ann street","2015-01","Anti-social behaviour",54.598958,-5.926802,"BT14EB"
"ann street","2015-01","Anti-social behaviour",55.202263,-6.247794,"BT14EB"
"annadale embankment","2015-01","Anti-social behaviour",54.577509,-5.927226,"BT73EF"
"annvale gardens","2015-01","Anti-social behaviour",54.253627,-6.692124,"BT602RS"
"annvale road","2015-01","Anti-social behaviour",54.249695,-6.68826,"BT602NY"
"antrim road","2015-01","Anti-social behaviour",54.668935,-5.954923,"BT390AH"
"antrim road","2015-01","Anti-social behaviour",54.676364,-5.970349,"BT390AH"
"antrim street","2015-01","Anti-social behaviour",54.513538,-6.049408,"BT281AU"
"apollo avenue","2015-01","Anti-social behaviour",55.193693,-6.646242,"BT568HH"
"archvale drive","2015-01","Anti-social behaviour",54.677033,-5.947632,"BT366LW"
"ard-na-maine","2015-01","Anti-social behaviour",54.889541,-6.346262,"BT421BY"
"ard ri park","2015-01","Anti-social behaviour",54.348652,-6.669715,"BT604JS"
"ardaluin court","2015-01","Anti-social behaviour",54.220608,-5.909288,"BT330RT"
"ardanlee","2015-01","Anti-social behaviour",55.046442,-7.278605,"BT488RR"
"ardcarn park","2015-01","Anti-social behaviour",54.592592,-5.823735,"BT57RQ"
"ardilea court","2015-01","Anti-social behaviour",54.614868,-5.951986,"BT147DT"
"ardmore park","2015-01","Anti-social behaviour",54.193271,-6.142014,"BT100JL"
"ardmore road","2015-01","Anti-social behaviour",54.497527,-6.422472,"BT666QP"
"ardnasaggart terrace","2015-01","Anti-social behaviour",54.537367,-6.701481,"BT714RG"
"ardnaskea park","2015-01","Anti-social behaviour",54.541613,-6.70201,"BT714SF"
"ardowen","2015-01","Anti-social behaviour",54.445905,-6.357243,"BT655EQ"
"ardpatrick avenue","2015-01","Anti-social behaviour",54.322215,-5.712699,"BT306JF"
"ardvanagh grange","2015-01","Anti-social behaviour",54.633592,-5.667909,"BT237XJ"
"argyll street","2015-01","Anti-social behaviour",54.737134,-6.215687,"BT412TW"
"armoy gardens","2015-01","Anti-social behaviour",54.662047,-5.913018,"BT379AU"
"arthur square","2015-01","Anti-social behaviour",54.598562,-5.927828,"BT14FD"
"artillery road","2015-01","Anti-social behaviour",55.137494,-6.660878,"BT521QL"
"ashbourne court","2015-01","Anti-social behaviour",54.589785,-7.319635,"BT716XF"
"ashfield gardens","2015-01","Anti-social behaviour",54.6234,-5.932232,"BT153FW"
"ashleigh manor","2015-01","Anti-social behaviour",54.580517,-5.946069,"BT96JY"
"ashley drive","2015-01","Anti-social behaviour",54.661553,-5.641398,"BT97BE"
"ashmore place","2015-01","Anti-social behaviour",54.600863,-5.953215,"BT132PU"
"ashmount gardens","2015-01","Anti-social behaviour",54.510546,-6.028906,"BT275BZ"
"ashton avenue","2015-01","Anti-social behaviour",54.563367,-5.992775,"BT100JR"
"asylum road","2015-01","Anti-social behaviour",55.001753,-7.325601,"BT487DL"
"austin drive","2015-01","Anti-social behaviour",54.354794,-6.411058,"BT622AR"
"ballee grove","2015-01","Anti-social behaviour",54.829442,-7.449785,"BT828RP"
"balloo walk","2015-01","Anti-social behaviour",54.641352,-5.656093,"BT197HL"
"ballyclare road","2015-01","Anti-social behaviour",54.691919,-5.969898,"BT390PE"
"ballyclare road","2015-01","Anti-social behaviour",54.692914,-5.971399,"BT390PE"
"ballycolman avenue","2015-01","Anti-social behaviour",54.823291,-7.468321,"BT829AG"
"ballycolman estate","2015-01","Anti-social behaviour",54.817282,-7.462457,"BT829EH"
"ballycolman estate","2015-01","Anti-social behaviour",54.818584,-7.460293,"BT829EH"
"ballycolman estate","2015-01","Anti-social behaviour",54.819119,-7.4594,"BT829EH"
"ballycolman road","2015-01","Anti-social behaviour",54.814019,-7.466078,"BT829PH"
"ballycruttle road","2015-01","Anti-social behaviour",54.306581,-5.63503,"BT307EW"
"ballygawley road","2015-01","Anti-social behaviour",54.503001,-6.805828,"BT717DF"
"ballygawley road","2015-01","Anti-social behaviour",54.503352,-6.780717,"BT717DF"
"ballygomartin road","2015-01","Anti-social behaviour",54.609228,-5.965442,"BT133NA"
"ballylintagh road","2015-01","Anti-social behaviour",55.072524,-6.653187,"BT266QQ"
"ballylucas road","2015-01","Anti-social behaviour",54.340963,-7.577581,"BT945FD"
"ballymote park","2015-01","Anti-social behaviour",54.316006,-5.70894,"BT306RW"
"ballymote park","2015-01","Anti-social behaviour",54.316277,-5.707588,"BT306RW"
"ballynahinch road","2015-01","Anti-social behaviour",54.507232,-6.037326,"BT88DN"
"ballyoran park","2015-01","Anti-social behaviour",54.433011,-6.453803,"BT621JW"
"ballyoran park","2015-01","Anti-social behaviour",54.433683,-6.456443,"BT621JW"
"ballyphilip road","2015-01","Anti-social behaviour",54.381476,-5.537864,"BT221RD"
"ballysaggart park","2015-01","Anti-social behaviour",54.505843,-6.786247,"BT701UJ"
"ballysillan park","2015-01","Anti-social behaviour",54.62974,-5.968119,"BT148HB"
"ballysillan road","2015-01","Anti-social behaviour",54.631045,-5.960744,"BT147QT"
"ballytrustan road","2015-01","Anti-social behaviour",54.333574,-5.626715,"BT307AQ"
"bards hill","2015-01","Anti-social behaviour",54.984464,-7.316331,"BT472DR"
"barn road","2015-01","Anti-social behaviour",54.722327,-5.794821,"BT387EU"
"barnetts green","2015-01","Anti-social behaviour",54.59136,-5.847257,"BT57AG"
"barnfield road","2015-01","Anti-social behaviour",54.543848,-6.041317,"BT283TQ"
"barrack street","2015-01","Anti-social behaviour",54.825632,-7.461568,"BT714LS"
"bath terrace","2015-01","Anti-social behaviour",55.208021,-6.653578,"BT568AN"
"bay road","2015-01","Anti-social behaviour",55.014176,-7.312731,"BT487SH"
"beaumont drive","2015-01","Anti-social behaviour",54.645646,-5.636618,"BT196WH"
"beckett avenue","2015-01","Anti-social behaviour",55.079334,-6.534298,"BT536TX"
"beechland drive","2015-01","Anti-social behaviour",54.502902,-6.053481,"BT281HR"
"beechland road","2015-01","Anti-social behaviour",54.752689,-6.598811,"BT456BG"
"beechlawn park","2015-01","Anti-social behaviour",54.55279,-5.998658,"BT179NR"
"beechmount pass","2015-01","Anti-social behaviour",54.595212,-5.962319,"BT127NW"
"beechway","2015-01","Anti-social behaviour",54.650934,-6.737384,"BT808LG"
"beechway","2015-01","Anti-social behaviour",54.650615,-6.740384,"BT808LG"
"beersbridge road","2015-01","Anti-social behaviour",54.593445,-5.887579,"BT55EG"
"beersbridge road","2015-01","Anti-social behaviour",54.593078,-5.88865,"BT55EG"
"belfast road","2015-01","Anti-social behaviour",54.712692,-5.814448,"BT203GS"
"belfast road","2015-01","Anti-social behaviour",54.461861,-6.294961,"BT203GS"
"bellevue park","2015-01","Anti-social behaviour",54.518078,-6.053501,"BT367QD"
"belmont church road","2015-01","Anti-social behaviour",54.598666,-5.865101,"BT43FG"
"beltany road","2015-01","Anti-social behaviour",54.617056,-7.330341,"BT785NA"
"ben varden avenue","2015-01","Anti-social behaviour",54.992493,-7.308118,"BT472AS"
"benevenagh drive","2015-01","Anti-social behaviour",55.04635,-6.946879,"BT490AJ"
"benview estate","2015-01","Anti-social behaviour",55.032846,-7.359531,"BT480NQ"
"bethany street","2015-01","Anti-social behaviour",54.595523,-5.869769,"BT43FE"
"bingham lane","2015-01","Anti-social behaviour",54.662003,-5.666901,"BT205DR"
"bingham street east","2015-01","Anti-social behaviour",54.661284,-5.665981,"BT205DP"
"bingnian drive","2015-01","Anti-social behaviour",54.58073,-5.991937,"BT118JD"
"bishopshill","2015-01","Anti-social behaviour",54.413027,-6.153683,"BT251FL"
"blaris park","2015-01","Anti-social behaviour",54.500329,-6.058297,"BT281NQ"
"bleerick drive","2015-01","Anti-social behaviour",54.713625,-6.185606,"BT411HU"
"bonds street","2015-01","Anti-social behaviour",54.996744,-7.308576,"BT476EG"
"boneybefore","2015-01","Anti-social behaviour",54.723656,-5.780483,"BT387EQ"
"bow street","2015-01","Anti-social behaviour",54.511444,-6.047732,"BT281BN"
"braeside gardens","2015-01","Anti-social behaviour",54.401479,-5.650517,"BT309QE"
"braeside park","2015-01","Anti-social behaviour",54.353737,-7.641261,"BT449EN"
"brambling close","2015-01","Anti-social behaviour",54.525044,-6.065388,"BT283PN"
"breda park","2015-01","Anti-social behaviour",54.560064,-5.909219,"BT86JR"
"breezemount avenue","2015-01","Anti-social behaviour",54.630667,-5.669548,"BT237TT"
"bridge street","2015-01","Anti-social behaviour",54.823816,-7.465187,"BT440RP"
"bridge street link","2015-01","Anti-social behaviour",54.55143,-5.74428,"BT235YH"
"bridgend road","2015-01","Anti-social behaviour",54.753498,-5.758173,"BT389LA"
"broadway","2015-01","Anti-social behaviour",54.851015,-5.819368,"BT126HY"
"brook street","2015-01","Anti-social behaviour",55.133386,-6.667146,"BT785HD"
"brookdale park","2015-01","Anti-social behaviour",55.030072,-7.323343,"BT488HH"
"brooke park","2015-01","Anti-social behaviour",54.855939,-6.270103,"BT817ED"
"brooke park","2015-01","Anti-social behaviour",54.855274,-6.269415,"BT817ED"
"brookfield place","2015-01","Anti-social behaviour",54.612637,-5.958754,"BT147FN"
"brookhill avenue","2015-01","Anti-social behaviour",54.61603,-5.940006,"BT146BS"
"brooklands manor","2015-01","Anti-social behaviour",54.661933,-5.632742,"BT205LJ"
"brucevale court","2015-01","Anti-social behaviour",54.612746,-5.938129,"BT146BG"
"brucevale park","2015-01","Anti-social behaviour",54.61323,-5.939684,"BT146BQ"
"bryansford road","2015-01","Anti-social behaviour",54.227301,-5.923242,"BT345LN"
"bryansford road","2015-01","Anti-social behaviour",54.206882,-5.893519,"BT345LN"
"bryson street","2015-01","Anti-social behaviour",54.597673,-5.904877,"BT54ES"
"burn road","2015-01","Anti-social behaviour",54.646838,-6.745148,"BT808DN"
"burnside avenue","2015-01","Anti-social behaviour",54.5545,-5.903877,"BT86HW"
"burnside park","2015-01","Anti-social behaviour",55.12048,-6.681433,"BT86HU"
"burnview terrace","2015-01","Anti-social behaviour",54.351547,-6.264111,"BT324DJ"
"burrenview way","2015-01","Anti-social behaviour",54.222905,-5.893638,"BT330JQ"
"bush park","2015-01","Anti-social behaviour",54.722949,-6.202372,"BT411BX"
"bush road","2015-01","Anti-social behaviour",54.529506,-6.71069,"BT412QB"
"caledon street","2015-01","Anti-social behaviour",54.604544,-5.961001,"BT133AX"
"cambourne crescent","2015-01","Anti-social behaviour",55.058394,-6.520227,"BT234WA"
"cambrai drive","2015-01","Anti-social behaviour",54.434747,-6.290601,"BT667QU"
"cameron court","2015-01","Anti-social behaviour",54.754506,-5.999062,"BT399UZ"
"cameron park","2015-01","Anti-social behaviour",54.860783,-6.305249,"BT421QJ"
"campion court","2015-01","Anti-social behaviour",54.984586,-7.314174,"BT472EW"
"canal place","2015-01","Anti-social behaviour",54.534443,-6.688581,"BT714RA"
"canberra gardens","2015-01","Anti-social behaviour",54.577587,-5.699942,"BT234RN"
"cannon dale","2015-01","Anti-social behaviour",54.594518,-7.301966,"BT781JU"
"carbry heights","2015-01","Anti-social behaviour",54.244846,-6.700947,"BT603AW"
"carlingford street","2015-01","Anti-social behaviour",54.588252,-5.903567,"BT68NE"
"carlisle park","2015-01","Anti-social behaviour",54.395883,-5.887876,"BT248HL"
"carmeen gardens","2015-01","Anti-social behaviour",54.587275,-5.704734,"BT234PP"
"carmel street","2015-01","Anti-social behaviour",54.582198,-5.926106,"BT71QF"
"carney hall","2015-01","Anti-social behaviour",54.193148,-6.321428,"BT341GA"
"carnhill","2015-01","Anti-social behaviour",55.025029,-7.321051,"BT488BG"
"carnhill","2015-01","Anti-social behaviour",55.023058,-7.320302,"BT488BG"
"carnreagh bend","2015-01","Anti-social behaviour",54.664171,-5.923682,"BT379EG"
"carrowreagh road","2015-01","Anti-social behaviour",54.596171,-5.781839,"BT538RS"
"carrs glen park","2015-01","Anti-social behaviour",54.63157,-5.961492,"BT148HE"
"carthall manor","2015-01","Anti-social behaviour",55.132131,-6.68812,"BT513GR"
"casaeldona park","2015-01","Anti-social behaviour",54.574443,-5.873313,"BT69RB"
"castle lane","2015-01","Anti-social behaviour",55.132497,-6.677054,"BT235EB"
"castle lane","2015-01","Anti-social behaviour",54.598579,-5.929328,"BT235EB"
"castle park","2015-01","Anti-social behaviour",55.050697,-6.931306,"BT538EW"
"castle street","2015-01","Anti-social behaviour",54.551018,-5.747209,"BT210DN"
"castle street","2015-01","Anti-social behaviour",54.599189,-5.930334,"BT210DN"
"castle villas","2015-01","Anti-social behaviour",54.634292,-6.736924,"BT808JE"
"castlekeele","2015-01","Anti-social behaviour",54.177754,-6.356391,"BT358GJ"
"castlereagh road","2015-01","Anti-social behaviour",54.588542,-5.895986,"BT55FF"
"castleview court","2015-01","Anti-social behaviour",54.578789,-5.866017,"BT797RD"
"castlevue gardens","2015-01","Anti-social behaviour",54.479666,-6.230421,"BT670JU"
"cathedral close","2015-01","Anti-social behaviour",54.348038,-6.654925,"BT617EE"
"cavan road","2015-01","Anti-social behaviour",54.493545,-6.704167,"BT817UB"
"cedar grove","2015-01","Anti-social behaviour",55.11371,-6.68421,"BT189QB"
"cedar heights","2015-01","Anti-social behaviour",54.229899,-5.933756,"BT344BA"
"central avenue","2015-01","Anti-social behaviour",54.660764,-5.673962,"BT557BP"
"chapel fields","2015-01","Anti-social behaviour",54.235892,-6.168122,"BT345AG"
"chestnut glen","2015-01","Anti-social behaviour",54.590618,-6.216453,"BT294GJ"
"cheviot avenue","2015-01","Anti-social behaviour",54.598421,-5.885402,"BT43AG"
"chichester park east","2015-01","Anti-social behaviour",54.856328,-6.265227,"BT424BH"
"chichester street","2015-01","Anti-social behaviour",54.597383,-5.927733,"BT14JQ"
"chisholm mews","2015-01","Anti-social behaviour",54.751092,-6.003937,"BT399FN"
"church lane","2015-01","Anti-social behaviour",54.600378,-5.92577,"BT623PW"
"church road","2015-01","Anti-social behaviour",54.59298,-5.802918,"BT448QY"
"church road","2015-01","Anti-social behaviour",54.195084,-6.399679,"BT448QY"
"church street","2015-01","Anti-social behaviour",54.420425,-6.446204,"BT536DL"
"church view","2015-01","Anti-social behaviour",54.257494,-5.847552,"BT413AH"
"churchill gardens","2015-01","Anti-social behaviour",54.430994,-6.448531,"BT621HE"
"churchill park","2015-01","Anti-social behaviour",54.433151,-6.449266,"BT621ER"
"cidercourt road","2015-01","Anti-social behaviour",54.620885,-6.218148,"BT294XQ"
"clandeboye drive","2015-01","Anti-social behaviour",54.648005,-5.693269,"BT191AH"
"clandeboye gardens","2015-01","Anti-social behaviour",54.596648,-5.905874,"BT54PE"
"clandeboye road","2015-01","Anti-social behaviour",54.653509,-5.680808,"BT191AA"
"clanmorris street","2015-01","Anti-social behaviour",54.61305,-5.925466,"BT151GU"
"clanrolla park","2015-01","Anti-social behaviour",54.439602,-6.36286,"BT655HZ"
"claremont street","2015-01","Anti-social behaviour",54.586776,-5.937415,"BT96JX"
"clarke court","2015-01","Anti-social behaviour",54.71399,-6.220506,"BT414JS"
"clarmont avenue","2015-01","Anti-social behaviour",54.258383,-5.940603,"BT319BX"
"clifton crescent","2015-01","Anti-social behaviour",54.61481,-5.943815,"BT146LF"
"cliftonville road","2015-01","Anti-social behaviour",54.61425,-5.938347,"BT146LE"
"clondermott park","2015-01","Anti-social behaviour",54.986032,-7.301559,"BT472LF"
"clontarf heights","2015-01","Anti-social behaviour",54.594496,-7.321754,"BT785BL"
"clooney road","2015-01","Anti-social behaviour",55.042869,-7.044257,"BT476TB"
"clooney road","2015-01","Anti-social behaviour",55.036801,-7.089307,"BT476TB"
"clover brae","2015-01","Anti-social behaviour",54.355937,-7.590255,"BT744AB"
"cloverhill park","2015-01","Anti-social behaviour",54.648058,-5.638213,"BT513RF"
"coagh crescent","2015-01","Anti-social behaviour",54.64884,-6.744188,"BT808NH"
"colban crescent","2015-01","Anti-social behaviour",54.455954,-6.331305,"BT668HY"
"colchester park","2015-01","Anti-social behaviour",54.588955,-5.943524,"BT125PZ"
"colenso parade","2015-01","Anti-social behaviour",54.579714,-5.931677,"BT95BB"
"colinvale","2015-01","Anti-social behaviour",54.570556,-6.027232,"BT170JW"
"college park lane","2015-01","Anti-social behaviour",54.352658,-7.612111,"BT746GF"
"college square north","2015-01","Anti-social behaviour",54.197876,-6.393411,"BT357DQ"
"college square north","2015-01","Anti-social behaviour",54.197653,-6.394186,"BT357DQ"
"collinward grove","2015-01","Anti-social behaviour",54.66908,-5.948095,"BT366DQ"
"connswater street","2015-01","Anti-social behaviour",54.598019,-5.891737,"BT41HT"
"cooke court","2015-01","Anti-social behaviour",54.588541,-5.921916,"BT72ER"
"coolessan walk","2015-01","Anti-social behaviour",55.039971,-6.944669,"BT499EN"
"corrib avenue","2015-01","Anti-social behaviour",54.576247,-6.007763,"BT119JB"
"corrina park","2015-01","Anti-social behaviour",54.560234,-6.019119,"BT170HA"
"crawfordsburn","2015-01","Anti-social behaviour",54.848229,-6.67719,"BT465AH"
"creeslough gardens","2015-01","Anti-social behaviour",54.573705,-6.01381,"BT119HL"
"crew road","2015-01","Anti-social behaviour",54.31817,-5.600319,"BT307UJ"
"crimea street","2015-01","Anti-social behaviour",54.607187,-5.947836,"BT131LT"
"croaghan gardens","2015-01","Anti-social behaviour",54.57592,-5.990704,"BT118JG"
"crommelin place","2015-01","Anti-social behaviour",54.507043,-6.042847,"BT281YL"
"cromore gardens","2015-01","Anti-social behaviour",54.992124,-7.34701,"BT489TG"
"crossreagh drive","2015-01","Anti-social behaviour",54.719641,-6.193796,"BT379DZ"
"culcavy road","2015-01","Anti-social behaviour",54.469808,-6.087063,"BT266HH"
"daisy park","2015-01","Anti-social behaviour",54.787475,-7.47647,"BT829QD"
"dalewood","2015-01","Anti-social behaviour",54.684202,-5.974811,"BT365WR"
"dallan hill","2015-01","Anti-social behaviour",54.110245,-6.244744,"BT343SH"
"darragh gardens","2015-01","Anti-social behaviour",54.554193,-5.740649,"BT235QG"
"davarr avenue","2015-01","Anti-social behaviour",54.594379,-5.795353,"BT162NT"
"davis crescent","2015-01","Anti-social behaviour",54.718505,-7.379644,"BT784BP"
"dawson street","2015-01","Anti-social behaviour",54.351032,-6.655919,"BT617QT"
"de courcy park","2015-01","Anti-social behaviour",54.537417,-5.56478,"BT222SA"
"deanfield","2015-01","Anti-social behaviour",54.652844,-5.621989,"BT476HY"
"deerpark road","2015-01","Anti-social behaviour",54.619141,-5.955518,"BT440DP"
"delamont park","2015-01","Anti-social behaviour",54.573187,-5.879054,"BT69RJ"
"deramore drive","2015-01","Anti-social behaviour",55.033407,-7.266328,"BT476XL"
"derg villas","2015-01","Anti-social behaviour",54.822299,-7.47157,"BT829BU"
"derrin road","2015-01","Anti-social behaviour",54.350602,-7.641273,"BT746BB"
"derry street","2015-01","Anti-social behaviour",54.468388,-6.337123,"BT679DE"
"derrychara road","2015-01","Anti-social behaviour",54.343561,-7.630325,"BT746JF"
"devenagh way","2015-01","Anti-social behaviour",54.871527,-6.273283,"BT436EW"
"deverney park","2015-01","Anti-social behaviour",54.594254,-7.261995,"BT790ES"
"dill avenue","2015-01","Anti-social behaviour",54.506684,-6.03621,"BT275HP"
"donaghmore road","2015-01","Anti-social behaviour",54.505225,-6.774888,"BT701HD"
"donegall pass","2015-01","Anti-social behaviour",54.589552,-5.933747,"BT71BS"
"donegall quay","2015-01","Anti-social behaviour",54.602355,-5.922125,"BT13NJ"
"donegall road","2015-01","Anti-social behaviour",54.589437,-5.934882,"BT126DY"
"donegall square north","2015-01","Anti-social behaviour",54.597228,-5.931238,"BT15GB"
"donegall square west","2015-01","Anti-social behaviour",54.596433,-5.931541,"BT16JH"
"donore crescent","2015-01","Anti-social behaviour",54.711549,-6.185575,"BT411JA"
"downpatrick street","2015-01","Anti-social behaviour",54.236922,-6.159027,"BT247AY"
"dromore road","2015-01","Anti-social behaviour",54.729575,-5.780858,"BT782LW"
"drumachose park","2015-01","Anti-social behaviour",55.044233,-6.936923,"BT490NZ"
"drumadragh","2015-01","Anti-social behaviour",55.156854,-6.62231,"BT522PA"
"drumahoe gardens","2015-01","Anti-social behaviour",54.840128,-5.861459,"BT402SJ"
"drumard drive","2015-01","Anti-social behaviour",54.516196,-6.071181,"BT513EU"
"drumard drive","2015-01","Anti-social behaviour",54.516972,-6.069677,"BT513EU"
"drumard park","2015-01","Anti-social behaviour",55.016206,-7.351981,"BT480RL"
"drumcor hill","2015-01","Anti-social behaviour",54.351765,-7.639894,"BT746BQ"
"drumee road","2015-01","Anti-social behaviour",54.240524,-5.923514,"BT319HQ"
"drummeen road","2015-01","Anti-social behaviour",54.685994,-6.700491,"BT457YW"
"drumragh avenue","2015-01","Anti-social behaviour",54.602116,-7.30162,"BT781DP"
"drumrane road","2015-01","Anti-social behaviour",54.945496,-6.934381,"BT474NL"
"drumtara","2015-01","Anti-social behaviour",54.846015,-6.270932,"BT423DQ"
"dublin road","2015-01","Anti-social behaviour",54.591086,-5.933066,"BT781HQ"
"dublin street","2015-01","Anti-social behaviour",54.717334,-7.378949,"BT68ES"
"dufferin avenue","2015-01","Anti-social behaviour",54.659957,-5.672675,"BT203AD"
"dufferin avenue","2015-01","Anti-social behaviour",54.65944,-5.670535,"BT203AD"
"duke street","2015-01","Anti-social behaviour",54.869126,-6.278199,"BT436BL"
"dunamoy drive","2015-01","Anti-social behaviour",54.71697,-6.189383,"BT411LD"
"dunboe gardens","2015-01","Anti-social behaviour",55.146182,-6.774502,"BT514XN"
"duncairn parade","2015-01","Anti-social behaviour",54.610691,-5.932505,"BT152ET"
"dunfane avenue","2015-01","Anti-social behaviour",54.878546,-6.264584,"BT437NE"
"dungannon road","2015-01","Anti-social behaviour",54.538814,-6.70488,"BT809AA"
"dunleady park","2015-01","Anti-social behaviour",54.598049,-5.796114,"BT161JU"
"dunluce street","2015-01","Anti-social behaviour",55.203902,-6.65232,"BT401JG"
"dunmore avenue","2015-01","Anti-social behaviour",54.619958,-5.933769,"BT153GR"
"dunowen gardens","2015-01","Anti-social behaviour",54.623757,-5.955906,"BT146NQ"
"dunraven gardens","2015-01","Anti-social behaviour",54.589762,-5.886052,"BT55LG"
"dunsuivnish drive","2015-01","Anti-social behaviour",55.18167,-6.697073,"BT557EW"
"dunturk road","2015-01","Anti-social behaviour",54.316681,-5.908767,"BT319PF"
"durnascallon lane","2015-01","Anti-social behaviour",54.753846,-6.6721,"BT455LZ"
"ean hill","2015-01","Anti-social behaviour",54.638996,-5.838481,"BT189LQ"
"earlscourt street","2015-01","Anti-social behaviour",54.596874,-5.959064,"BT127AS"
"east bread street","2015-01","Anti-social behaviour",54.597875,-5.890692,"BT55AP"
"east street","2015-01","Anti-social behaviour",54.644655,-5.542194,"BT237DD"
"east street","2015-01","Anti-social behaviour",54.101899,-6.253506,"BT237DD"
"eden terrace","2015-01","Anti-social behaviour",54.827798,-7.467857,"BT358GY"
"edenvale","2015-01","Anti-social behaviour",54.335679,-6.629669,"BT309PU"
"edenvale gardens","2015-01","Anti-social behaviour",54.523288,-6.073626,"BT282UT"
"edward street","2015-01","Anti-social behaviour",54.350222,-6.656545,"BT666DD"
"eglantine avenue","2015-01","Anti-social behaviour",54.581301,-5.941976,"BT96DX"
"elm corner","2015-01","Anti-social behaviour",54.544246,-6.00906,"BT179PY"
"elmwood avenue","2015-01","Anti-social behaviour",54.584479,-5.937639,"BT96AZ"
"ennis place","2015-01","Anti-social behaviour",55.019967,-7.353108,"BT480LW"
"enniskeen","2015-01","Anti-social behaviour",54.448458,-6.380637,"BT654AE"
"erskine park","2015-01","Anti-social behaviour",54.75876,-6.005284,"BT399DB"
"erskine street","2015-01","Anti-social behaviour",54.180676,-6.339564,"BT356BX"
"etna drive","2015-01","Anti-social behaviour",54.617911,-5.959295,"BT147LH"
"euston street","2015-01","Anti-social behaviour",54.588628,-5.898364,"BT69AF"
"evish grove","2015-01","Anti-social behaviour",54.823589,-7.45461,"BT828HR"
"exchange road","2015-01","Anti-social behaviour",54.852423,-5.818716,"BT401RX"
"fairfield court","2015-01","Anti-social behaviour",54.590223,-5.667217,"BT238GA"
"fairfield heights","2015-01","Anti-social behaviour",54.194814,-6.353661,"BT356SJ"
"fairyhill","2015-01","Anti-social behaviour",54.863951,-6.318527,"BT421FH"
"falls road","2015-01","Anti-social behaviour",54.580166,-5.980209,"BT119AB"
"farmhurst green","2015-01","Anti-social behaviour",54.580798,-5.847551,"BT57PB"
"farmley crescent","2015-01","Anti-social behaviour",54.669195,-5.96077,"BT367TX"
"farranseer park","2015-01","Anti-social behaviour",55.099933,-6.710606,"BT514NA"
"fergleen park","2015-01","Anti-social behaviour",55.030151,-7.327798,"BT488LE"
"ferguson street","2015-01","Anti-social behaviour",54.98951,-7.325588,"BT486TA"
"fernabbey court","2015-01","Anti-social behaviour",55.035573,-7.325658,"BT488RN"
"fernabbey drive","2015-01","Anti-social behaviour",55.035973,-7.323196,"BT488RE"
"fernagh gardens","2015-01","Anti-social behaviour",54.675212,-5.905815,"BT370BL"
"fernagh road","2015-01","Anti-social behaviour",54.676021,-5.906363,"BT370BE"
"fernlea gardens","2015-01","Anti-social behaviour",54.748726,-6.005964,"BT399EJ"
"ferry street","2015-01","Anti-social behaviour",54.380822,-5.547633,"BT221PB"
"findon grove","2015-01","Anti-social behaviour",54.559692,-5.968034,"BT96QN"
"fingals court","2015-01","Anti-social behaviour",54.600811,-5.940605,"BT132DP"
"finlieve place","2015-01","Anti-social behaviour",54.061377,-6.005767,"BT344BT"
"finsbury crescent","2015-01","Anti-social behaviour",54.549168,-5.896437,"BT86GH"
"firmount drive","2015-01","Anti-social behaviour",54.710663,-6.18698,"BT411JH"
"first avenue","2015-01","Anti-social behaviour",54.183544,-6.352745,"BT356EZ"
"fisherwick crescent","2015-01","Anti-social behaviour",54.871663,-6.260798,"BT437EB"
"fitzwilliam square","2015-01","Anti-social behaviour",54.584414,-5.923333,"BT71JH"
"fitzwilliam street","2015-01","Anti-social behaviour",54.585909,-5.9393,"BT96AW"
"flax street","2015-01","Anti-social behaviour",54.613656,-5.956815,"BT147EJ"
"floral park","2015-01","Anti-social behaviour",54.659852,-5.942221,"BT367RU"
"forest park","2015-01","Anti-social behaviour",54.556545,-6.016592,"BT521JJ"
"formby park","2015-01","Anti-social behaviour",54.628161,-5.965054,"BT146PS"
"forthill grove","2015-01","Anti-social behaviour",54.690407,-5.93627,"BT366QW"
"forthill road","2015-01","Anti-social behaviour",54.344428,-7.631701,"BT746AW"
"forthill street","2015-01","Anti-social behaviour",54.345824,-7.630043,"BT746AJ"
"forthriver drive","2015-01","Anti-social behaviour",54.618739,-5.979165,"BT133UL"
"fountain close","2015-01","Anti-social behaviour",54.640053,-6.743266,"BT808QR"
"fox's hill","2015-01","Anti-social behaviour",54.478039,-6.332689,"BT679EZ"
"frenchpark street","2015-01","Anti-social behaviour",54.586155,-5.955345,"BT126HZ"
"frosses road","2015-01","Anti-social behaviour",54.997039,-6.352703,"BT449PU"
"fyfin road","2015-01","Anti-social behaviour",54.759805,-7.457364,"BT829LH"
"galliagh park","2015-01","Anti-social behaviour",55.029517,-7.330139,"BT488DD"
"galway street","2015-01","Anti-social behaviour",54.598042,-5.93895,"BT124AF"
"ganna way","2015-01","Anti-social behaviour",54.106532,-6.256323,"BT343LT"
"gardiners cross road","2015-01","Anti-social behaviour",54.353199,-7.462554,"BT944QD"
"garvaghy crescent","2015-01","Anti-social behaviour",54.87578,-6.467694,"BT448QW"
"garvey manor","2015-01","Anti-social behaviour",54.573515,-6.021382,"BT119RL"
"george street","2015-01","Anti-social behaviour",54.864986,-6.278889,"BT623AS"
"gibson street","2015-01","Anti-social behaviour",54.596047,-5.949511,"BT124LW"
"gillespie court","2015-01","Anti-social behaviour",54.549746,-5.744079,"BT235GL"
"glasvey rise","2015-01","Anti-social behaviour",54.558833,-6.019697,"BT170DZ"
"glebe crescent","2015-01","Anti-social behaviour",54.913877,-7.16018,"BT670TR"
"glebe road","2015-01","Anti-social behaviour",54.678927,-5.948621,"BT422QW"
"glebecoole drive","2015-01","Anti-social behaviour",54.672948,-5.953155,"BT366HZ"
"glebetown drive","2015-01","Anti-social behaviour",54.314076,-5.712382,"BT306QB"
"glen park","2015-01","Anti-social behaviour",54.547837,-5.766596,"BT235RQ"
"glenavy road","2015-01","Anti-social behaviour",54.553032,-6.198046,"BT294LA"
"glenburn way","2015-01","Anti-social behaviour",55.038727,-6.940087,"BT490RN"
"glencairn way","2015-01","Anti-social behaviour",54.617588,-5.982349,"BT133TE"
"glencregagh road","2015-01","Anti-social behaviour",54.563645,-5.905309,"BT86FZ"
"glencroft gardens","2015-01","Anti-social behaviour",54.684359,-5.96753,"BT365GE"
"glendale park","2015-01","Anti-social behaviour",54.556535,-5.904684,"BT86HT"
"glendarragh mews","2015-01","Anti-social behaviour",54.62002,-5.856241,"BT42WE"
"gleneagles","2015-01","Anti-social behaviour",55.018983,-7.30036,"BT487TF"
"glenholm drive","2015-01","Anti-social behaviour",54.556759,-5.900468,"BT86LW"
"glenmill park","2015-01","Anti-social behaviour",55.040343,-6.943048,"BT490RS"
"glenmore gardens","2015-01","Anti-social behaviour",55.041299,-6.941427,"BT536DG"
"glenravel park","2015-01","Anti-social behaviour",54.86603,-6.270823,"BT437ND"
"glenravel road","2015-01","Anti-social behaviour",54.995874,-6.179606,"BT436QW"
"glenrosa street","2015-01","Anti-social behaviour",54.613692,-5.927755,"BT152JB"
"glenvarna walk","2015-01","Anti-social behaviour",54.680692,-5.964302,"BT365JE"
"glenview avenue","2015-01","Anti-social behaviour",54.574971,-5.865506,"BT57LZ"
"glenview drive","2015-01","Anti-social behaviour",55.040395,-6.941795,"BT490RZ"
"glenview park","2015-01","Anti-social behaviour",54.381119,-7.45651,"BT828LU"
"good shepherd glen","2015-01","Anti-social behaviour",54.991941,-7.302675,"BT472AH"
"good shepherd glen","2015-01","Anti-social behaviour",54.991709,-7.3061,"BT472AH"
"gortalowry park","2015-01","Anti-social behaviour",54.634544,-6.743916,"BT808JH"
"gorteen crescent","2015-01","Anti-social behaviour",55.039372,-6.946046,"BT499EW"
"gortmerron avenue","2015-01","Anti-social behaviour",54.501186,-6.763833,"BT717AJ"
"gough avenue","2015-01","Anti-social behaviour",54.347512,-6.642377,"BT601BU"
"grange lane","2015-01","Anti-social behaviour",54.786241,-6.63886,"BT455EU"
"grange valley crescent","2015-01","Anti-social behaviour",54.748476,-6.009874,"BT399AY"
"gray's hill","2015-01","Anti-social behaviour",54.661864,-5.672768,"BT203BB"
"great james street","2015-01","Anti-social behaviour",54.999402,-7.322812,"BT487DG"
"great james street","2015-01","Anti-social behaviour",54.999244,-7.321893,"BT487DG"
"great victoria street","2015-01","Anti-social behaviour",54.590584,-5.934143,"BT27BG"
"greenhill road","2015-01","Anti-social behaviour",55.140405,-6.685637,"BT345AS"
"greenlea park","2015-01","Anti-social behaviour",54.589304,-5.66942,"BT238WD"
"greenpark drive","2015-01","Anti-social behaviour",54.707043,-6.22531,"BT414EW"
"greenvale park","2015-01","Anti-social behaviour",54.751003,-6.60926,"BT456DP"
"greystone park","2015-01","Anti-social behaviour",55.044311,-6.943773,"BT513LF"
"grove street east","2015-01","Anti-social behaviour",54.590512,-5.893548,"BT55GG"
"grove terrace","2015-01","Anti-social behaviour",54.784525,-7.47556,"BT465BW"
"gulf road","2015-01","Anti-social behaviour",54.928131,-7.184935,"BT473TW"
"gweebara park","2015-01","Anti-social behaviour",55.01543,-7.342911,"BT480EE"
"halford mews","2015-01","Anti-social behaviour",54.299929,-6.521516,"BT601PQ"
"hallidays road","2015-01","Anti-social behaviour",54.613285,-5.935501,"BT152FJ"
"harbour road","2015-01","Anti-social behaviour",54.46002,-5.441297,"BT344AU"
"hardinge place","2015-01","Anti-social behaviour",54.6106,-5.928779,"BT152HX"
"harvey court","2015-01","Anti-social behaviour",54.597254,-5.901479,"BT54HA"
"hatfield street","2015-01","Anti-social behaviour",54.585579,-5.922608,"BT72FB"
"havana way","2015-01","Anti-social behaviour",54.6155,-5.955902,"BT147QH"
"hazelwood avenue","2015-01","Anti-social behaviour",54.981326,-7.336893,"BT170SZ"
"herbison park","2015-01","Anti-social behaviour",54.877944,-6.269004,"BT437DQ"
"heron lodge","2015-01","Anti-social behaviour",54.595019,-5.666169,"BT238WQ"
"heron ridge","2015-01","Anti-social behaviour",54.596162,-5.666227,"BT238WL"
"higgins court","2015-01","Anti-social behaviour",54.728462,-5.774041,"BT387PS"
"higgins court","2015-01","Anti-social behaviour",54.728637,-5.772852,"BT387PS"
"high link","2015-01","Anti-social behaviour",54.600604,-5.976813,"BT133ED"
"high street","2015-01","Anti-social behaviour",54.592861,-5.695135,"BT189SS"
"high street","2015-01","Anti-social behaviour",54.248189,-6.703511,"BT189SS"
"high street","2015-01","Anti-social behaviour",54.345747,-7.639946,"BT189SS"
"high street","2015-01","Anti-social behaviour",54.663573,-5.667276,"BT189SS"
"high street","2015-01","Anti-social behaviour",54.599788,-5.927533,"BT189SS"
"high street","2015-01","Anti-social behaviour",54.663536,-5.666286,"BT189SS"
"high street","2015-01","Anti-social behaviour",54.599865,-5.927313,"BT189SS"
"hilden court","2015-01","Anti-social behaviour",54.519132,-6.023766,"BT274YL"
"hill crescent","2015-01","Anti-social behaviour",54.194038,-6.339656,"BT341PS"
"hill crest","2015-01","Anti-social behaviour",54.649228,-5.672622,"BT204EH"
"hill street","2015-01","Anti-social behaviour",54.176291,-6.337595,"BT12LB"
"hill street","2015-01","Anti-social behaviour",54.60262,-5.927095,"BT12LB"
"hill street","2015-01","Anti-social behaviour",54.601179,-5.92641,"BT12LB"
"hillcrest","2015-01","Anti-social behaviour",54.714439,-6.201631,"BT411LA"
"hillcrest manor","2015-01","Anti-social behaviour",54.444859,-6.36561,"BT655BX"
"hillcrest manor","2015-01","Anti-social behaviour",54.445256,-6.366334,"BT655BX"
"hillsborough road","2015-01","Anti-social behaviour",54.506129,-6.047399,"BT88HR"
"hillview place","2015-01","Anti-social behaviour",54.638876,-5.832307,"BT189DL"
"hillview walk","2015-01","Anti-social behaviour",54.356289,-7.632441,"BT746HA"
"holborn lane","2015-01","Anti-social behaviour",54.665573,-5.665177,"BT205EA"
"hollybrook grange","2015-01","Anti-social behaviour",54.665805,-5.97396,"BT364ZP"
"holmview mews","2015-01","Anti-social behaviour",54.600867,-7.29392,"BT790BB"
"hope street","2015-01","Anti-social behaviour",54.865071,-6.282422,"BT435EE"
"hope street","2015-01","Anti-social behaviour",54.593357,-5.933461,"BT435EE"
"hopefield gardens","2015-01","Anti-social behaviour",55.190274,-6.647426,"BT568QG"
"horace street","2015-01","Anti-social behaviour",54.993609,-7.319723,"BT486JS"
"horizon mews","2015-01","Anti-social behaviour",54.665047,-5.947105,"BT366FJ"
"hospital road","2015-01","Anti-social behaviour",54.180112,-6.352147,"BT455EG"
"houston crescent","2015-01","Anti-social behaviour",54.978578,-6.687057,"BT515NN"
"houston park","2015-01","Anti-social behaviour",54.583749,-5.881321,"BT424LB"
"hunters park","2015-01","Anti-social behaviour",54.811671,-6.516756,"BT458JE"
"huntingdale court","2015-01","Anti-social behaviour",54.744051,-6.013959,"BT399FD"
"inishargie gardens","2015-01","Anti-social behaviour",54.650434,-5.700957,"BT191SN"
"inisharoan court","2015-01","Anti-social behaviour",54.591036,-5.684268,"BT238LZ"
"inverwood gardens","2015-01","Anti-social behaviour",54.608602,-5.872615,"BT41RG"
"irwell court","2015-01","Anti-social behaviour",54.591519,-5.959099,"BT126EZ"
"irwin crescent","2015-01","Anti-social behaviour",54.910617,-7.152608,"BT43AQ"
"jamaica road","2015-01","Anti-social behaviour",54.615677,-5.95467,"BT147QW"
"jamaica road","2015-01","Anti-social behaviour",54.617112,-5.957168,"BT147QW"
"jamaica street","2015-01","Anti-social behaviour",54.617029,-5.957575,"BT147QF"
"james street","2015-01","Anti-social behaviour",54.599024,-7.307629,"BT522DN"
"joanmount park","2015-01","Anti-social behaviour",54.629059,-5.960208,"BT146PE"
"john street","2015-01","Anti-social behaviour",54.59165,-5.698051,"BT781DW"
"john street","2015-01","Anti-social behaviour",54.599537,-7.304696,"BT781DW"
"keel way","2015-01","Anti-social behaviour",54.533588,-5.832346,"BT236DF"
"kennedy way","2015-01","Anti-social behaviour",54.577301,-5.980273,"BT119BQ"
"keswick street","2015-01","Anti-social behaviour",54.607713,-5.952902,"BT131RW"
"kilgreel road","2015-01","Anti-social behaviour",54.718084,-6.203922,"BT411EU"
"killeaton gardens","2015-01","Anti-social behaviour",54.540416,-6.025333,"BT179HF"
"killeen avenue","2015-01","Anti-social behaviour",54.65323,-5.69818,"BT191ND"
"killinchy street","2015-01","Anti-social behaviour",54.549875,-5.745216,"BT235AP"
"killyclogher road","2015-01","Anti-social behaviour",54.622652,-7.206893,"BT790AX"
"killycomain drive","2015-01","Anti-social behaviour",54.424845,-6.415051,"BT635JR"
"kilmore road","2015-01","Anti-social behaviour",54.398547,-6.547103,"BT440RQ"
"king william iii crescent","2015-01","Anti-social behaviour",54.841016,-6.663339,"BT465HA"
"kings road","2015-01","Anti-social behaviour",54.678838,-5.912343,"BT389PT"
"kingsmere avenue","2015-01","Anti-social behaviour",54.648947,-5.641896,"BT146ND"
"kinnaird street","2015-01","Anti-social behaviour",54.610632,-5.936409,"BT146BE"
"kinnaird terrace","2015-01","Anti-social behaviour",54.61115,-5.937312,"BT146BN"
"kirkistown avenue","2015-01","Anti-social behaviour",54.548535,-5.938434,"BT87FG"
"kirkliston park","2015-01","Anti-social behaviour",54.59306,-5.87635,"BT56EB"
"knockburn grove","2015-01","Anti-social behaviour",54.516008,-6.079112,"BT282QN"
"knockhill park","2015-01","Anti-social behaviour",54.593564,-5.862614,"BT56HX"
"knockmoe heights","2015-01","Anti-social behaviour",54.607605,-7.268315,"BT797LX"
"knocknagoney park","2015-01","Anti-social behaviour",54.618429,-5.858198,"BT42PT"
"knocknagoney way","2015-01","Anti-social behaviour",54.617515,-5.852285,"BT42PX"
"koram square","2015-01","Anti-social behaviour",54.822328,-7.474058,"BT829DP"
"kylemore road","2015-01","Anti-social behaviour",55.126088,-6.681687,"BT513HG"
"kylemore road","2015-01","Anti-social behaviour",55.125385,-6.680628,"BT513HG"
"laburnum grove","2015-01","Anti-social behaviour",54.548857,-5.734993,"BT235NS"
"lackaboy view","2015-01","Anti-social behaviour",54.353089,-7.609154,"BT744DY"
"ladas way","2015-01","Anti-social behaviour",54.582322,-5.894311,"BT69ND"
"lagmore meadows","2015-01","Anti-social behaviour",54.552228,-6.030667,"BT170TJ"
"lambeg road","2015-01","Anti-social behaviour",54.528004,-6.028976,"BT274QA"
"lambrook close","2015-01","Anti-social behaviour",54.591776,-7.323763,"BT785SN"
"laurelbank","2015-01","Anti-social behaviour",54.560289,-6.025223,"BT170RX"
"laurelgrove avenue","2015-01","Anti-social behaviour",54.548095,-5.890032,"BT86ZQ"
"lawnbrook avenue","2015-01","Anti-social behaviour",54.60313,-5.956553,"BT132QB"
"legann street","2015-01","Anti-social behaviour",54.622197,-5.975881,"BT148AR"
"leggagh court","2015-01","Anti-social behaviour",54.624272,-5.976382,"BT148AY"
"leighinmohr avenue","2015-01","Anti-social behaviour",54.856843,-6.283752,"BT422AS"
"lenadoon avenue","2015-01","Anti-social behaviour",54.572067,-6.010874,"BT119HD"
"lennox close","2015-01","Anti-social behaviour",54.729919,-5.782454,"BT387DF"
"lennoxvale","2015-01","Anti-social behaviour",54.578908,-5.938106,"BT95BY"
"lettershendony avenue","2015-01","Anti-social behaviour",54.980601,-7.213844,"BT473HZ"
"lettershendony avenue","2015-01","Anti-social behaviour",54.981691,-7.212808,"BT473HZ"
"liffey court","2015-01","Anti-social behaviour",54.611256,-5.946687,"BT146JG"
"limekiln lane","2015-01","Anti-social behaviour",54.647727,-6.739946,"BT808TS"
"lindara drive","2015-01","Anti-social behaviour",54.856884,-5.842646,"BT402FB"
"lindara drive","2015-01","Anti-social behaviour",54.856069,-5.842254,"BT402FB"
"lindara park","2015-01","Anti-social behaviour",54.856322,-5.84333,"BT402GD"
"lisburn road","2015-01","Anti-social behaviour",54.460084,-5.837175,"BT294NX"
"lisburn road","2015-01","Anti-social behaviour",54.588355,-5.935169,"BT294NX"
"lisburn road","2015-01","Anti-social behaviour",54.583966,-5.943389,"BT294NX"
"lisfannon park","2015-01","Anti-social behaviour",54.99581,-7.327904,"BT489DU"
"lismore drive","2015-01","Anti-social behaviour",54.532893,-6.815213,"BT703EL"
"lisnahull gardens","2015-01","Anti-social behaviour",54.507242,-6.784199,"BT701UQ"
"lisnaragh road","2015-01","Anti-social behaviour",54.85596,-7.292116,"BT820SB"
"lisnasure road","2015-01","Anti-social behaviour",54.428156,-6.235924,"BT667NN"
"lisnisky lane","2015-01","Anti-social behaviour",54.43348,-6.40621,"BT635RB"
"listooder gardens","2015-01","Anti-social behaviour",54.455376,-5.829682,"BT247HX"
"loane drive","2015-01","Anti-social behaviour",54.354258,-7.612311,"BT744EG"
"lockview road","2015-01","Anti-social behaviour",54.57328,-5.931632,"BT95GN"
"lodge park","2015-01","Anti-social behaviour",55.126993,-6.655962,"BT521UN"
"longfield road","2015-01","Anti-social behaviour",55.036507,-7.159649,"BT473PY"
"lough erne park","2015-01","Anti-social behaviour",54.514516,-5.893556,"BT88PG"
"loughanhill park","2015-01","Anti-social behaviour",55.150727,-6.6634,"BT522QD"
"loughview manor","2015-01","Anti-social behaviour",54.63442,-5.968551,"BT148QS"
"lower braniel road","2015-01","Anti-social behaviour",54.577426,-5.863614,"BT57PA"
"lower catherine street","2015-01","Anti-social behaviour",54.178389,-6.341111,"BT356BE"
"lower crescent","2015-01","Anti-social behaviour",54.587857,-5.933895,"BT235BU"
"lynden gate","2015-01","Anti-social behaviour",54.427828,-6.4123,"BT635YH"
"madison avenue","2015-01","Anti-social behaviour",55.02403,-7.175374,"BT473PW"
"magazine street","2015-01","Anti-social behaviour",54.997442,-7.32083,"BT486HH"
"magherafelt road","2015-01","Anti-social behaviour",54.697173,-6.664413,"BT457TB"
"maginnis street","2015-01","Anti-social behaviour",54.179035,-6.341728,"BT356AR"
"main street","2015-01","Anti-social behaviour",55.206186,-6.652541,"BT536AN"
"main street","2015-01","Anti-social behaviour",55.153976,-6.413683,"BT536AN"
"main street","2015-01","Anti-social behaviour",54.843945,-6.671477,"BT536AN"
"main street","2015-01","Anti-social behaviour",54.659668,-5.669344,"BT536AN"
"main street","2015-01","Anti-social behaviour",54.346612,-6.774922,"BT536AN"
"main street","2015-01","Anti-social behaviour",54.184529,-6.486668,"BT536AN"
"main street","2015-01","Anti-social behaviour",55.044565,-7.016933,"BT536AN"
"main street","2015-01","Anti-social behaviour",54.591767,-6.213958,"BT536AN"
"main street","2015-01","Anti-social behaviour",54.195494,-6.141623,"BT536AN"
"main street","2015-01","Anti-social behaviour",54.80822,-6.51892,"BT536AN"
"main street","2015-01","Anti-social behaviour",54.620464,-6.215194,"BT536AN"
"main street","2015-01","Anti-social behaviour",54.254263,-7.445047,"BT536AN"
"main street","2015-01","Anti-social behaviour",54.21224,-5.889551,"BT536AN"
"malin gardens","2015-01","Anti-social behaviour",54.99767,-7.339389,"BT489NH"
"malton rise","2015-01","Anti-social behaviour",54.555699,-5.966717,"BT96HY"
"manor close","2015-01","Anti-social behaviour",54.726975,-5.800903,"BT146DJ"
"manor drive","2015-01","Anti-social behaviour",54.508881,-6.050356,"BT281QX"
"manor street","2015-01","Anti-social behaviour",54.612831,-5.945246,"BT146ED"
"manse drive","2015-01","Anti-social behaviour",54.526429,-5.882654,"BT365US"
"manse road","2015-01","Anti-social behaviour",54.687095,-5.956615,"BT389HW"
"manse road","2015-01","Anti-social behaviour",54.059573,-6.009672,"BT389HW"
"manse terrace","2015-01","Anti-social behaviour",54.687625,-5.957705,"BT365UJ"
"marcus street","2015-01","Anti-social behaviour",54.175242,-6.338388,"BT341ET"
"margaretta park","2015-01","Anti-social behaviour",54.563506,-6.014801,"BT170JQ"
"margaretta park","2015-01","Anti-social behaviour",54.564022,-6.016152,"BT170JQ"
"marian park","2015-01","Anti-social behaviour",54.821328,-7.455138,"BT308DJ"
"marian park","2015-01","Anti-social behaviour",54.257132,-5.792259,"BT308DJ"
"mark street","2015-01","Anti-social behaviour",54.500129,-6.767631,"BT234DT"
"market square","2015-01","Anti-social behaviour",54.714583,-6.219285,"BT701AL"
"market square","2015-01","Anti-social behaviour",54.715206,-6.221368,"BT701AL"
"market square","2015-01","Anti-social behaviour",54.510895,-6.042678,"BT701AL"
"market street","2015-01","Anti-social behaviour",54.248458,-6.705129,"BT538RG"
"market street","2015-01","Anti-social behaviour",54.659688,-5.668506,"BT538RG"
"marquis street","2015-01","Anti-social behaviour",54.59668,-5.696529,"BT11JJ"
"marquis street","2015-01","Anti-social behaviour",54.599306,-5.934027,"BT11JJ"
"marsden gardens","2015-01","Anti-social behaviour",54.622052,-5.94012,"BT155AL"
"mayfield road","2015-01","Anti-social behaviour",54.666269,-5.981858,"BT367WE"
"mayo court","2015-01","Anti-social behaviour",54.604871,-5.960196,"BT133BE"
"mccrea park","2015-01","Anti-social behaviour",54.41763,-7.161642,"BT760AE"
"mcgarel court","2015-01","Anti-social behaviour",54.85438,-5.819155,"BT401LX"
"meadow drive","2015-01","Anti-social behaviour",54.754176,-5.997012,"BT235XS"
"meadow lane","2015-01","Anti-social behaviour",54.423594,-6.4418,"BT623NJ"
"meadow way","2015-01","Anti-social behaviour",54.502085,-5.797563,"BT235TQ"
"medway street","2015-01","Anti-social behaviour",54.601904,-5.89915,"BT41GA"
"meenagh park","2015-01","Anti-social behaviour",54.542939,-6.69245,"BT714NG"
"melmount gardens","2015-01","Anti-social behaviour",54.816578,-7.473838,"BT829EB"
"melvin road","2015-01","Anti-social behaviour",54.823779,-7.462947,"BT829PP"
"merok crescent","2015-01","Anti-social behaviour",54.577138,-5.885035,"BT69LZ"
"milebush park","2015-01","Anti-social behaviour",54.731606,-5.815976,"BT387QR"
"milford street","2015-01","Anti-social behaviour",54.598874,-5.942405,"BT124SD"
"mill street","2015-01","Anti-social behaviour",54.593389,-5.699252,"BT784AY"
"mill street","2015-01","Anti-social behaviour",54.865264,-6.278223,"BT784AY"
"millburn park","2015-01","Anti-social behaviour",54.650454,-6.748197,"BT808HQ"
"millburn park","2015-01","Anti-social behaviour",54.651313,-6.749596,"BT808HQ"
"millburn park","2015-01","Anti-social behaviour",54.650616,-6.748208,"BT808HQ"
"milltown lane","2015-01","Anti-social behaviour",54.440974,-5.792105,"BT621TB"
"milltown park","2015-01","Anti-social behaviour",54.542164,-6.041629,"BT283TU"
"milltown road","2015-01","Anti-social behaviour",54.42019,-6.271533,"BT414NW"
"milltown road","2015-01","Anti-social behaviour",54.426058,-6.273489,"BT414NW"
"millvale park","2015-01","Anti-social behaviour",54.193018,-6.375505,"BT357NL"
"millvale road","2015-01","Anti-social behaviour",54.187922,-6.368121,"BT357LP"
"minds way","2015-01","Anti-social behaviour",54.586435,-5.939056,"BT96PU"
"moira park","2015-01","Anti-social behaviour",54.509122,-6.072687,"BT204RJ"
"molesworth road","2015-01","Anti-social behaviour",54.646057,-6.741749,"BT808NU"
"molesworth road","2015-01","Anti-social behaviour",54.646009,-6.739736,"BT808NU"
"monagh road","2015-01","Anti-social behaviour",54.588707,-5.993493,"BT118EG"
"monaghan row","2015-01","Anti-social behaviour",54.177171,-6.34796,"BT358DL"
"monaghan street","2015-01","Anti-social behaviour",54.177134,-6.343336,"BT356AY"
"montgomery close","2015-01","Anti-social behaviour",54.994018,-7.301561,"BT475NW"
"moores lane","2015-01","Anti-social behaviour",54.461152,-6.330384,"BT668DW"
"moss road","2015-01","Anti-social behaviour",54.496955,-5.770608,"BT399QU"
"moss road","2015-01","Anti-social behaviour",54.608362,-5.528995,"BT399QU"
"mosside road","2015-01","Anti-social behaviour",54.537365,-6.025558,"BT179HQ"
"mount coole park","2015-01","Anti-social behaviour",54.634746,-5.953232,"BT148JR"
"mount eagles avenue","2015-01","Anti-social behaviour",54.554411,-6.050008,"BT170GT"
"mount street","2015-01","Anti-social behaviour",55.127296,-6.667208,"BT480HF"
"mountpottinger road","2015-01","Anti-social behaviour",54.598121,-5.909497,"BT54LG"
"mountview court","2015-01","Anti-social behaviour",54.612816,-5.947011,"BT457QB"
"mountview drive","2015-01","Anti-social behaviour",54.354577,-6.267382,"BT536TF"
"mountview drive","2015-01","Anti-social behaviour",54.417373,-6.144152,"BT536TF"
"mourne view park","2015-01","Anti-social behaviour",54.182834,-6.337027,"BT356BT"
"movilla street","2015-01","Anti-social behaviour",54.592614,-5.690213,"BT237JQ"
"moyard parade","2015-01","Anti-social behaviour",54.597372,-5.987218,"BT127HA"
"mulderg drive","2015-01","Anti-social behaviour",54.65342,-5.930723,"BT367JY"
"mullaghboy crescent","2015-01","Anti-social behaviour",54.755951,-6.616888,"BT458HY"
"mullaghmore park","2015-01","Anti-social behaviour",54.506378,-6.788563,"BT388RG"
"mullybrannon road","2015-01","Anti-social behaviour",54.47754,-6.763744,"BT717ER"
"murray street","2015-01","Anti-social behaviour",54.59637,-5.934686,"BT16DN"
"navan street","2015-01","Anti-social behaviour",54.346108,-6.659032,"BT617EU"
"new barnsley gardens","2015-01","Anti-social behaviour",54.596498,-5.984893,"BT127HP"
"newry road","2015-01","Anti-social behaviour",54.192412,-6.158616,"BT323NB"
"newry road","2015-01","Anti-social behaviour",54.311608,-6.29926,"BT323NB"
"newton park","2015-01","Anti-social behaviour",54.557424,-5.904098,"BT86LX"
"newtownards road","2015-01","Anti-social behaviour",54.535318,-5.560084,"BT41HE"
"norburgh park","2015-01","Anti-social behaviour",55.013573,-7.350069,"BT480RG"
"north derby street","2015-01","Anti-social behaviour",54.616428,-5.923839,"BT153HN"
"northland road","2015-01","Anti-social behaviour",55.008283,-7.325398,"BT487JD"
"northland road","2015-01","Anti-social behaviour",55.00623,-7.324526,"BT487JD"
"nursery drive","2015-01","Anti-social behaviour",54.18166,-6.358243,"BT358SF"
"o'nolan park","2015-01","Anti-social behaviour",54.824465,-7.467745,"BT829EW"
"o'riada court","2015-01","Anti-social behaviour",55.020382,-7.353445,"BT480PY"
"oak avenue","2015-01","Anti-social behaviour",54.49508,-5.469241,"BT221TD"
"oak rise","2015-01","Anti-social behaviour",54.586728,-7.294025,"BT781TN"
"oaklea","2015-01","Anti-social behaviour",54.514778,-6.76282,"BT716JY"
"oakleigh heights","2015-01","Anti-social behaviour",54.466888,-6.330043,"BT679BY"
"oakridge","2015-01","Anti-social behaviour",54.459997,-6.348367,"BT602LL"
"oakwood avenue","2015-01","Anti-social behaviour",54.654502,-5.680131,"BT203LH"
"oceanic avenue","2015-01","Anti-social behaviour",54.617275,-5.938179,"BT152HS"
"old mountfield road","2015-01","Anti-social behaviour",54.604403,-7.299491,"BT797BJ"
"old omagh road","2015-01","Anti-social behaviour",54.465544,-7.040246,"BT702EZ"
"old portadown road","2015-01","Anti-social behaviour",54.455249,-6.35195,"BT668RH"
"oldtown street","2015-01","Anti-social behaviour",54.649583,-6.745606,"BT808EF"
"orangefield crescent","2015-01","Anti-social behaviour",54.344817,-6.635239,"BT69GG"
"orangefield gardens","2015-01","Anti-social behaviour",54.591001,-5.877292,"BT56DP"
"orangefield park","2015-01","Anti-social behaviour",54.58865,-5.88054,"BT601DP"
"orkney drive","2015-01","Anti-social behaviour",54.860353,-6.253327,"BT424EG"
"ormeau road","2015-01","Anti-social behaviour",54.569337,-5.913894,"BT73HY"
"orritor crescent","2015-01","Anti-social behaviour",54.647936,-6.747965,"BT808BQ"
"orritor road","2015-01","Anti-social behaviour",54.654572,-6.791005,"BT808BN"
"osborne drive","2015-01","Anti-social behaviour",54.659182,-5.67816,"BT96LH"
"osborne gardens","2015-01","Anti-social behaviour",54.569937,-5.952694,"BT96LE"
"palmerston road","2015-01","Anti-social behaviour",54.606765,-5.874955,"BT41QD"
"palmerston road","2015-01","Anti-social behaviour",54.605448,-5.876184,"BT41QD"
"park avenue","2015-01","Anti-social behaviour",54.602556,-5.885482,"BT204JU"
"park road","2015-01","Anti-social behaviour",54.424067,-6.447791,"BT72FW"
"park road","2015-01","Anti-social behaviour",54.426597,-6.443381,"BT72FW"
"parkhead crescent","2015-01","Anti-social behaviour",54.183132,-6.359395,"BT358PE"
"parkhead crescent","2015-01","Anti-social behaviour",54.183336,-6.358575,"BT358PE"
"parkmore","2015-01","Anti-social behaviour",54.443322,-6.388933,"BT642AG"
"pates lane","2015-01","Anti-social behaviour",55.130504,-6.67723,"BT513DE"
"patrick place","2015-01","Anti-social behaviour",54.860838,-6.277867,"BT422BA"
"pembrooke court","2015-01","Anti-social behaviour",54.678797,-5.954722,"BT365AD"
"pilot street","2015-01","Anti-social behaviour",54.607639,-5.919596,"BT13FB"
"platers hill","2015-01","Anti-social behaviour",54.539279,-6.701296,"BT714JZ"
"pool lane","2015-01","Anti-social behaviour",54.170958,-6.342449,"BT358AW"
"portlee walk","2015-01","Anti-social behaviour",54.71708,-6.202833,"BT411EL"
"portsmouth gardens","2015-01","Anti-social behaviour",54.73194,-5.791302,"BT387UN"
"premier drive","2015-01","Anti-social behaviour",54.624715,-5.931345,"BT153LX"
"primary walk","2015-01","Anti-social behaviour",54.43564,-6.301029,"BT667RB"
"primrose park","2015-01","Anti-social behaviour",54.788967,-7.476513,"BT568TD"
"princes crescent","2015-01","Anti-social behaviour",54.674384,-5.909936,"BT370BA"
"princess park","2015-01","Anti-social behaviour",54.641464,-5.815299,"BT180PP"
"prospect downs south","2015-01","Anti-social behaviour",54.724336,-5.825945,"BT388SD"
"prospect park","2015-01","Anti-social behaviour",54.613623,-5.955965,"BT236LW"
"quarry lane","2015-01","Anti-social behaviour",54.508707,-6.77009,"BT701HX"
"quay lane","2015-01","Anti-social behaviour",54.744047,-5.718268,"BT389SS"
"queen street","2015-01","Anti-social behaviour",54.858258,-6.277105,"BT487EF"
"queen street","2015-01","Anti-social behaviour",54.348164,-7.643201,"BT487EF"
"queens road","2015-01","Anti-social behaviour",54.603864,-5.913227,"BT39DT"
"queens square","2015-01","Anti-social behaviour",54.600947,-5.923358,"BT13FG"
"quinton street","2015-01","Anti-social behaviour",54.589546,-5.894279,"BT55GR"
"racecourse road","2015-01","Anti-social behaviour",55.019342,-7.319177,"BT487RB"
"racecourse road","2015-01","Anti-social behaviour",55.017536,-7.320709,"BT487RB"
"railway place","2015-01","Anti-social behaviour",55.133707,-6.663686,"BT521PQ"
"railway street","2015-01","Anti-social behaviour",54.512557,-6.043742,"BT235HQ"
"railway street","2015-01","Anti-social behaviour",54.513512,-6.044499,"BT235HQ"
"railway street","2015-01","Anti-social behaviour",54.827658,-7.4647,"BT235HQ"
"railway street","2015-01","Anti-social behaviour",54.215339,-5.889516,"BT235HQ"
"railwayview street","2015-01","Anti-social behaviour",54.659042,-5.671813,"BT203BZ"
"rainey court","2015-01","Anti-social behaviour",54.7567,-6.617981,"BT455BX"
"rainey street","2015-01","Anti-social behaviour",54.755642,-6.610359,"BT455AQ"
"ramone park","2015-01","Anti-social behaviour",54.433552,-6.415809,"BT635JF"
"rarogan road","2015-01","Anti-social behaviour",54.488791,-7.135157,"BT702DZ"
"rathfriland street","2015-01","Anti-social behaviour",54.348747,-6.26995,"BT323LA"
"rathgael road","2015-01","Anti-social behaviour",54.646856,-5.710843,"BT191RW"
"rathgill drive","2015-01","Anti-social behaviour",54.639238,-5.65874,"BT197TE"
"rathmore crescent","2015-01","Anti-social behaviour",54.659187,-5.703392,"BT191DG"
"rathvarna avenue","2015-01","Anti-social behaviour",54.521237,-6.078527,"BT282UZ"
"ravelston avenue","2015-01","Anti-social behaviour",54.686675,-5.942415,"BT366PF"
"ravenhill court","2015-01","Anti-social behaviour",54.58611,-5.910685,"BT68FS"
"ravenhill reach","2015-01","Anti-social behaviour",54.592416,-5.915793,"BT68RA"
"ravenhill street","2015-01","Anti-social behaviour",54.590915,-5.908489,"BT68EP"
"rectory park","2015-01","Anti-social behaviour",54.465904,-6.341419,"BT666HP"
"regent street","2015-01","Anti-social behaviour",54.594424,-5.701252,"BT234LH"
"regent street","2015-01","Anti-social behaviour",54.594157,-5.699039,"BT234LH"
"reilly place","2015-01","Anti-social behaviour",54.351302,-6.272027,"BT323EY"
"reilly street","2015-01","Anti-social behaviour",54.351555,-6.27277,"BT323DN"
"ridgeway drive","2015-01","Anti-social behaviour",54.970611,-7.286493,"BT473UX"
"ridgeway street","2015-01","Anti-social behaviour",54.577418,-5.931361,"BT95FB"
"riverview park","2015-01","Anti-social behaviour",54.60025,-7.274574,"BT537QS"
"rodney parade","2015-01","Anti-social behaviour",54.588115,-5.961838,"BT126EE"
"roe mill gardens","2015-01","Anti-social behaviour",55.043118,-6.948169,"BT499AU"
"roemill court","2015-01","Anti-social behaviour",55.041068,-6.950053,"BT499NP"
"roseleigh street","2015-01","Anti-social behaviour",54.614222,-5.944123,"BT146GP"
"rosgoill drive","2015-01","Anti-social behaviour",54.572442,-6.006943,"BT119QX"
"rossfad road","2015-01","Anti-social behaviour",54.425273,-7.641375,"BT942NR"
"rostrevor drive","2015-01","Anti-social behaviour",54.648127,-5.687886,"BT191AG"
"rothsay square","2015-01","Anti-social behaviour",54.613903,-5.952344,"BT147BY"
"rotterdam court","2015-01","Anti-social behaviour",54.59935,-5.918781,"BT54DT"
"royal avenue","2015-01","Anti-social behaviour",54.602952,-5.930747,"BT11DD"
"rugby avenue","2015-01","Anti-social behaviour",54.584423,-5.926442,"BT203PZ"
"rugby street","2015-01","Anti-social behaviour",54.58346,-5.928966,"BT71PX"
"rural gardens","2015-01","Anti-social behaviour",54.669691,-5.962496,"BT367UD"
"rushall road","2015-01","Anti-social behaviour",54.967436,-7.276541,"BT473UG"
"russell drive","2015-01","Anti-social behaviour",54.455779,-6.332962,"BT668HF"
"rutland street","2015-01","Anti-social behaviour",54.584882,-5.922319,"BT72FJ"
"salisbury avenue","2015-01","Anti-social behaviour",54.625593,-5.938036,"BT155DY"
"salisbury place","2015-01","Anti-social behaviour",54.551654,-6.003289,"BT179RZ"
"sandown park","2015-01","Anti-social behaviour",54.875165,-6.2783,"BT436LB"
"sandy braes","2015-01","Anti-social behaviour",54.753718,-6.596197,"BT456PN"
"sandy row","2015-01","Anti-social behaviour",54.422032,-6.441213,"BT125EY"
"scarva walk","2015-01","Anti-social behaviour",54.350293,-6.273761,"BT323AB"
"screen road","2015-01","Anti-social behaviour",55.123415,-6.673796,"BT513AG"
"scroggy road","2015-01","Anti-social behaviour",54.562726,-6.214981,"BT490NB"
"second avenue","2015-01","Anti-social behaviour",54.185132,-6.353908,"BT356HB"
"selshion parade","2015-01","Anti-social behaviour",54.425999,-6.465392,"BT624AU"
"seymour street","2015-01","Anti-social behaviour",54.514025,-6.037355,"BT274SQ"
"shaftesbury avenue","2015-01","Anti-social behaviour",54.587699,-5.920489,"BT72ES"
"shandarragh park","2015-01","Anti-social behaviour",54.632544,-5.946853,"BT155FJ"
"shandon park","2015-01","Anti-social behaviour",54.776513,-6.565739,"BT537BA"
"shane court","2015-01","Anti-social behaviour",54.893084,-6.209654,"BT424JR"
"shanroy park","2015-01","Anti-social behaviour",54.596088,-6.939489,"BT702RP"
"shore road","2015-01","Anti-social behaviour",54.646171,-5.920355,"BT403HQ"
"shore road","2015-01","Anti-social behaviour",54.641895,-5.834315,"BT403HQ"
"skerdan road","2015-01","Anti-social behaviour",54.902743,-6.436846,"BT448EY"
"skye park","2015-01","Anti-social behaviour",54.863063,-6.255593,"BT424EB"
"slievemoyne park","2015-01","Anti-social behaviour",54.633538,-5.940314,"BT155GZ"
"somerset park","2015-01","Anti-social behaviour",55.114416,-6.682212,"BT513LH"
"somerton road","2015-01","Anti-social behaviour",54.625177,-5.933149,"BT154DE"
"southwell road","2015-01","Anti-social behaviour",54.662511,-5.671397,"BT203AQ"
"spencer road","2015-01","Anti-social behaviour",54.989972,-7.313551,"BT476AQ"
"spencer row","2015-01","Anti-social behaviour",55.13091,-6.678204,"BT513DF"
"sperrin view","2015-01","Anti-social behaviour",54.750939,-6.604494,"BT829SS"
"spout road","2015-01","Anti-social behaviour",54.377039,-7.313373,"BT750PD"
"spout walk","2015-01","Anti-social behaviour",54.376586,-7.314257,"BT750PA"
"springburn park","2015-01","Anti-social behaviour",54.496022,-6.053608,"BT275QZ"
"springdale","2015-01","Anti-social behaviour",54.506122,-6.780064,"BT701EJ"
"springfield gardens","2015-01","Anti-social behaviour",54.462895,-5.440825,"BT221ES"
"springfield park","2015-01","Anti-social behaviour",54.81058,-6.517932,"BT458JF"
"springfield road","2015-01","Anti-social behaviour",54.594427,-5.987889,"BT205BZ"
"springtown road","2015-01","Anti-social behaviour",55.01364,-7.361057,"BT938DR"
"st. canices park","2015-01","Anti-social behaviour",55.029817,-7.175678,"BT473DH"
"staffa drive","2015-01","Anti-social behaviour",54.858759,-6.251839,"BT424EH"
"staffa drive","2015-01","Anti-social behaviour",54.859702,-6.251798,"BT424EH"
"stanfield drive","2015-01","Anti-social behaviour",54.589493,-5.682499,"BT238NG"
"stanhope drive","2015-01","Anti-social behaviour",54.604641,-5.936558,"BT131BX"
"station avenue","2015-01","Anti-social behaviour",54.25964,-5.934248,"BT319PH"
"station road","2015-01","Anti-social behaviour",54.67322,-5.912228,"BT557HH"
"station road","2015-01","Anti-social behaviour",55.187033,-6.707998,"BT557HH"
"steeple green","2015-01","Anti-social behaviour",54.726311,-6.206119,"BT411BP"
"stewartstown road","2015-01","Anti-social behaviour",54.565973,-6.014557,"BT714PF"
"stewartstown road","2015-01","Anti-social behaviour",54.559948,-6.023044,"BT714PF"
"stoneypath","2015-01","Anti-social behaviour",54.962789,-7.354309,"BT472AF"
"strandburn parade","2015-01","Anti-social behaviour",54.604956,-5.877882,"BT41LZ"
"stuart park","2015-01","Anti-social behaviour",55.066649,-6.502516,"BT537BE"
"summerhill court","2015-01","Anti-social behaviour",54.817997,-7.484366,"BT829FJ"
"susan street","2015-01","Anti-social behaviour",54.599705,-5.90499,"BT54FE"
"sycamore court","2015-01","Anti-social behaviour",54.364573,-5.850478,"BT248QZ"
"tannaghmore green","2015-01","Anti-social behaviour",54.46505,-6.385827,"BT666LA"
"tarry lane","2015-01","Anti-social behaviour",54.482367,-6.320833,"BT679LQ"
"tates avenue","2015-01","Anti-social behaviour",54.583785,-5.949617,"BT97BS"
"taughrane heights","2015-01","Anti-social behaviour",54.462936,-6.292819,"BT667RS"
"tavanagh gardens","2015-01","Anti-social behaviour",54.418539,-6.448355,"BT623EZ"
"temple road","2015-01","Anti-social behaviour",55.033407,-7.263341,"BT515BH"
"tempo road","2015-01","Anti-social behaviour",54.343024,-7.627793,"BT744RH"
"the brambles","2015-01","Anti-social behaviour",54.061557,-6.020483,"BT455RY"
"the cut","2015-01","Anti-social behaviour",54.347702,-6.270978,"BT324EW"
"the glade","2015-01","Anti-social behaviour",54.696197,-5.951333,"BT365NS"
"the mall","2015-01","Anti-social behaviour",54.175351,-6.339119,"BT341AN"
"the mews","2015-01","Anti-social behaviour",54.56787,-6.122706,"BT817BJ"
"the olde close","2015-01","Anti-social behaviour",54.885441,-6.338825,"BT435AR"
"the roddens","2015-01","Anti-social behaviour",54.853487,-5.821929,"BT401QQ"
"the square","2015-01","Anti-social behaviour",54.446455,-6.69121,"BT714LN"
"thomas street","2015-01","Anti-social behaviour",54.417529,-6.443864,"BT436AZ"
"thomas street","2015-01","Anti-social behaviour",54.868688,-6.275819,"BT436AZ"
"thornhill crescent","2015-01","Anti-social behaviour",54.54975,-6.021374,"BT170RH"
"thornleigh drive","2015-01","Anti-social behaviour",54.517501,-6.063984,"BT282DA"
"tiger court","2015-01","Anti-social behaviour",54.722136,-6.217308,"BT414HX"
"tobarmore park","2015-01","Anti-social behaviour",54.398501,-5.751298,"BT309HE"
"tonagh mews","2015-01","Anti-social behaviour",54.510077,-6.059904,"BT281DZ"
"toome road","2015-01","Anti-social behaviour",54.854567,-6.277823,"BT422BX"
"tower park","2015-01","Anti-social behaviour",54.626993,-5.680335,"BT237PL"
"tower street","2015-01","Anti-social behaviour",54.596988,-5.903241,"BT54FH"
"townhall street","2015-01","Anti-social behaviour",54.344809,-7.638878,"BT784AX"
"trainor crescent","2015-01","Anti-social behaviour",54.085227,-6.575511,"BT359DP"
"trasna way","2015-01","Anti-social behaviour",54.248965,-7.445594,"BT920LU"
"trevor hill","2015-01","Anti-social behaviour",54.177929,-6.335799,"BT341DN"
"tullyvar park","2015-01","Anti-social behaviour",54.527805,-6.067837,"BT283HJ"
"tullywiggan road","2015-01","Anti-social behaviour",54.619911,-6.73627,"BT808SD"
"twinburn crescent","2015-01","Anti-social behaviour",54.691787,-5.920302,"BT370ER"
"tynan close","2015-01","Anti-social behaviour",54.687401,-5.90511,"BT370JH"
"union street","2015-01","Anti-social behaviour",54.647632,-6.74201,"BT521QA"
"university street","2015-01","Anti-social behaviour",54.5862,-5.927357,"BT71HB"
"upper church lane","2015-01","Anti-social behaviour",54.599348,-5.924925,"BT635JE"
"upper english street","2015-01","Anti-social behaviour",54.348795,-6.65347,"BT617LA"
"upper galliagh road","2015-01","Anti-social behaviour",55.029141,-7.34522,"BT488LW"
"upper malone park","2015-01","Anti-social behaviour",54.556306,-5.969702,"BT96PP"
"upper newtownards road","2015-01","Anti-social behaviour",54.59486,-5.807505,"BT43LQ"
"upper water street","2015-01","Anti-social behaviour",54.177293,-6.335962,"BT341DJ"
"upritchard crescent","2015-01","Anti-social behaviour",54.644851,-5.654435,"BT197AS"
"valentia place","2015-01","Anti-social behaviour",54.212311,-5.890038,"BT330EH"
"vancouver drive","2015-01","Anti-social behaviour",54.622721,-5.940876,"BT155BY"
"ventry street","2015-01","Anti-social behaviour",54.591645,-5.932635,"BT27JP"
"vianstown road","2015-01","Anti-social behaviour",54.320672,-5.716197,"BT306DQ"
"victoria gardens","2015-01","Anti-social behaviour",54.350555,-6.273196,"BT387JN"
"victoria parade","2015-01","Anti-social behaviour",54.607845,-5.931597,"BT152EQ"
"victoria street","2015-01","Anti-social behaviour",54.469477,-6.334009,"BT536DW"
"victoria street","2015-01","Anti-social behaviour",54.602102,-5.925203,"BT536DW"
"wallasey park","2015-01","Anti-social behaviour",54.628725,-5.964375,"BT146PQ"
"waring street","2015-01","Anti-social behaviour",54.600778,-5.927653,"BT12ED"
"waterford gardens","2015-01","Anti-social behaviour",54.597322,-5.956349,"BT132QL"
"watermouth crescent","2015-01","Anti-social behaviour",54.601226,-5.968348,"BT127FH"
"watermouth crescent","2015-01","Anti-social behaviour",54.600879,-5.968582,"BT127FH"
"wauchope court","2015-01","Anti-social behaviour",54.591529,-5.949568,"BT126GG"
"waveney drive","2015-01","Anti-social behaviour",54.637378,-5.927325,"BT154FT"
"wesley street","2015-01","Anti-social behaviour",54.51468,-6.033432,"BT274TB"
"west street","2015-01","Anti-social behaviour",54.595523,-5.702351,"BT389HR"
"west street","2015-01","Anti-social behaviour",54.714537,-5.81019,"BT389HR"
"westland court","2015-01","Anti-social behaviour",54.546479,-5.492489,"BT808WQ"
"westland drive","2015-01","Anti-social behaviour",54.597064,-5.709197,"BT222TH"
"westland mews","2015-01","Anti-social behaviour",54.99648,-7.33208,"BT489EQ"
"westland road","2015-01","Anti-social behaviour",54.42401,-6.464419,"BT222QP"
"westlea drive","2015-01","Anti-social behaviour",54.456447,-5.450373,"BT221EY"
"westoncroft park","2015-01","Anti-social behaviour",55.06806,-6.523111,"BT536TB"
"whaley terrace","2015-01","Anti-social behaviour",54.345478,-7.649359,"BT747JU"
"wheatfield drive","2015-01","Anti-social behaviour",54.621846,-5.969937,"BT147JW"
"whitecliff parade","2015-01","Anti-social behaviour",54.594134,-5.981575,"BT127JS"
"whitecliff parade","2015-01","Anti-social behaviour",54.593147,-5.982227,"BT127JS"
"whiterock bay","2015-01","Anti-social behaviour",54.482275,-5.648462,"BT236QA"
"whiterock road","2015-01","Anti-social behaviour",54.590801,-5.97733,"BT127FW"
"whitewell crescent","2015-01","Anti-social behaviour",54.64786,-5.922422,"BT367HJ"
"whitewell mews","2015-01","Anti-social behaviour",54.660666,-5.938336,"BT367EG"
"william street","2015-01","Anti-social behaviour",54.997635,-7.321576,"BT210HL"
"william street mews","2015-01","Anti-social behaviour",54.595898,-5.701757,"BT234RZ"
"willowdale","2015-01","Anti-social behaviour",54.710045,-6.178737,"BT537LX"
"windrush park","2015-01","Anti-social behaviour",54.556832,-5.893291,"BT86LZ"
"winecellar entry","2015-01","Anti-social behaviour",54.600102,-5.928554,"BT11QN"
"wolfhill avenue south","2015-01","Anti-social behaviour",54.628785,-5.989987,"BT148NU"
"wolseley street","2015-01","Anti-social behaviour",54.586421,-5.930316,"BT71LG"
"woodburn crescent","2015-01","Anti-social behaviour",54.501552,-6.779428,"BT522QZ"
"woodburn crescent","2015-01","Anti-social behaviour",55.148312,-6.658618,"BT522QZ"
"woodend park","2015-01","Anti-social behaviour",55.147597,-6.769659,"BT514UY"
"woodland drive","2015-01","Anti-social behaviour",54.644725,-6.735485,"BT379SF"
"woodland walk","2015-01","Anti-social behaviour",55.03937,-6.943699,"BT499DQ"
"woodlands","2015-01","Anti-social behaviour",54.640889,-5.819791,"BT437NT"
"woodvale park","2015-01","Anti-social behaviour",55.206393,-6.521574,"BT716DB"
